-- --------------------------------------------------------
-- Servidor:                     127.0.0.1
-- Versão do servidor:           8.0.34 - MySQL Community Server - GPL
-- OS do Servidor:               Win64
-- HeidiSQL Versão:              12.10.0.7023
-- --------------------------------------------------------

/*!40101 SET @OLD_CHARACTER_SET_CLIENT=@@CHARACTER_SET_CLIENT */;
/*!40101 SET NAMES utf8 */;
/*!50503 SET NAMES utf8mb4 */;
/*!40103 SET @OLD_TIME_ZONE=@@TIME_ZONE */;
/*!40103 SET TIME_ZONE='+00:00' */;
/*!40014 SET @OLD_FOREIGN_KEY_CHECKS=@@FOREIGN_KEY_CHECKS, FOREIGN_KEY_CHECKS=0 */;
/*!40101 SET @OLD_SQL_MODE=@@SQL_MODE, SQL_MODE='NO_AUTO_VALUE_ON_ZERO' */;
/*!40111 SET @OLD_SQL_NOTES=@@SQL_NOTES, SQL_NOTES=0 */;


-- Copiando estrutura do banco de dados para monitoramento
CREATE DATABASE IF NOT EXISTS `monitoramento` /*!40100 DEFAULT CHARACTER SET utf8mb4 COLLATE utf8mb4_general_ci */ /*!80016 DEFAULT ENCRYPTION='N' */;
USE `monitoramento`;

-- Copiando estrutura para tabela monitoramento.alunos
CREATE TABLE IF NOT EXISTS `alunos` (
  `ra` int NOT NULL,
  `nome` varchar(255) COLLATE utf8mb4_general_ci DEFAULT NULL,
  `data_nasc` varchar(255) COLLATE utf8mb4_general_ci DEFAULT NULL,
  `turma` varchar(255) COLLATE utf8mb4_general_ci DEFAULT NULL,
  `turno` varchar(255) COLLATE utf8mb4_general_ci DEFAULT NULL,
  PRIMARY KEY (`ra`)
) ENGINE=InnoDB DEFAULT CHARSET=utf8mb4 COLLATE=utf8mb4_general_ci;

-- Copiando dados para a tabela monitoramento.alunos: ~602 rows (aproximadamente)
INSERT INTO `alunos` (`ra`, `nome`, `data_nasc`, `turma`, `turno`) VALUES
	(1000, 'Aluno 01', '01/01/1900', '3ªIM01-EMI-IPI', NULL),
	(10928, 'ERIKA CORREIA DOS SANTOS', '16/08/2007', '2ªV01-EM-HUM', NULL),
	(32323, 'IASMIN DOS SANTOS SILVA', '10/08/2007', '2ªIM01-EM-HUM', NULL),
	(75717, 'TAYSLANE BARCELOS DO ROSARIO', '09/01/2008', '2ªV02-EM-HUM', NULL),
	(81825, 'NICOLE APARECIDA PINTO DA FONSECA', '09/10/2006', '2ªIM01-EMI-IPI', NULL),
	(81828, 'IARLEY DE SOUZA CONCEICAO', '01/04/2007', '3ªIM01-EMI-IPI', NULL),
	(81832, 'REIVINY FRANCISCO SANTOS BATISTA', '06/03/2007', '3ªIM01-EM-HUM', NULL),
	(81835, 'LARA BRIOSCHI CAMARA', '21/12/2007', '2ªIM01-EMI-ADM', NULL),
	(81850, 'GABRIELY DOS SANTOS CHAVES', '14/02/2007', '3ªV01-EM-HUM', NULL),
	(81855, 'CAROLAINE RIBEIRO DE SOUZA', '09/08/2007', '2ªIM01-EM-HUM', NULL),
	(81866, 'JHULIA COSTA DE SOUZA', '22/03/2007', '3ªIM01-EMI-ADM', NULL),
	(81867, 'CLARA SOUZA MACHADO', '08/03/2007', '3ªIM01-EMI-ADM', NULL),
	(81884, 'GUSTAVO CARVALHO DE SOUZA SANTOS', '03/01/2008', '2ªV02-EM-HUM', NULL),
	(81894, 'MARINA DE OLIVEIRA SILVA', '02/08/2007', '2ªIM02-EMI-IPI', NULL),
	(81897, 'GUILHERME DA COSTA PEREIRA', '11/12/2007', '2ªIM02-EMI-IPI', NULL),
	(81899, 'GEOVANA SALES DA SILVA', '06/11/2007', '2ªIM02-EMI-IPI', NULL),
	(81903, 'UEMILLI DA CRUZ OLIVEIRA', '29/03/2008', '2ªIM02-EMI-IPI', NULL),
	(81906, 'MILENA AGUIAR SILVA', '03/10/2006', '3ªIM01-EMI-ADM', NULL),
	(81908, 'KAUA ROCHA SILVA', '25/04/2007', '3ªIM01-EMI-IPI', NULL),
	(81911, 'FELIPE WAGMAKER ALMEIDA BERNARDO', '08/02/2007', '3ªIM01-EMI-IPI', NULL),
	(81913, 'PEDRO PAULO PEREIRA DE QUEIROZ', '04/01/2008', '2ªV02-EM-HUM', NULL),
	(81917, 'THALITA SAMARA AMARAL CIRILO', '11/03/2008', '2ªV01-EM-HUM', NULL),
	(81925, 'MATHEUS SOUZA FERNANDES', '13/07/2006', '3ªIM01-EM-HUM', NULL),
	(81933, 'DANIEL VIANA OLIVEIRA', '22/08/2007', '2ªIM01-EMI-ADM', NULL),
	(81937, 'LETICIA RODRIGUES DA SILVA', '24/03/2007', '3ªV01-EM-HUM', NULL),
	(81942, 'JOAO PEDRO DOS SANTOS SOUZA', '06/08/2006', '2ªV01-EM-HUM', NULL),
	(81945, 'MARRONE FERREIRA CAETANO', '11/12/2006', '2ªV02-EM-HUM', NULL),
	(81947, 'RYAN JESUS DOS SANTOS', '12/02/2007', '2ªV02-EM-HUM', NULL),
	(81950, 'LUCAS PEREIRA DOS SANTOS', '12/08/2006', '3ªV01-EM-HUM', NULL),
	(81953, 'RAONNY DOS SANTOS GUIMARAES', '04/05/2007', '3ªV01-EM-HUM', NULL),
	(81956, 'LEONARDO DA SILVA TEIXEIRA', '19/06/2007', '2ªIM01-EM-HUM', NULL),
	(81965, 'ANALU SOUZA NASCIMENTO DOS SANTOS', '15/09/2007', '2ªIM02-EMI-IPI', NULL),
	(81968, 'RICHARLYS SOARES FIGUEIREDO', '02/03/2008', '2ªIM02-EMI-IPI', NULL),
	(81971, 'JOAO PEDRO SILVA FERNANDES', '22/03/2006', '3ªIM02-EMI-ADM', NULL),
	(81974, 'JULIA DE SOUZA BESSA PEREIRA', '18/07/2006', '3ªIM02-EMI-ADM', NULL),
	(81987, 'RAQUEL BRITO LUZ', '21/07/2007', '2ªV02-EM-HUM', NULL),
	(81992, 'JAMILE CARDOSO DOS SANTOS', '14/07/2007', '2ªIM01-EM-HUM', NULL),
	(81994, 'RAFAEL JESUS DA SILVA', '22/02/2007', '3ªIM01-EM-HUM', NULL),
	(81997, 'DIEGO SILVA PEREIRA', '21/08/2006', '3ªIM01-EM-HUM', NULL),
	(82001, 'MYCHELLE SANTOS DE JESUS ABREU', '15/11/2006', '3ªIM02-EMI-ADM', NULL),
	(82007, 'STEFANNI RODRIGUES PEREIRA', '30/06/2008', '2ªV02-EM-HUM', NULL),
	(82018, 'GABRIEL DE OLIVEIRA BRUNO', '07/08/2007', '2ªIM02-EMI-IPI', NULL),
	(82042, 'NICOLY SANTOS LOPES', '22/01/2008', '2ªIM01-EMI-ADM', NULL),
	(82044, 'ICARO ELIZIARIO ZANONI', '12/07/2006', '3ªIM01-EMI-ADM', NULL),
	(82046, 'SAMIRA DE SOUZA OLIVEIRA', '19/03/2007', '3ªIM01-EMI-ADM', NULL),
	(82049, 'LUISA COSTA MEDINA', '27/09/2005', '3ªIM01-EMI-IPI', NULL),
	(82062, 'ALANA MARIA CARVALHO OLIVEIRA', '15/02/2007', '3ªV01-EM-HUM', NULL),
	(82068, 'AUGUSTO ESTEVAO MOREIRA BRUNO', '21/12/2006', '3ªIM01-EM-HUM', NULL),
	(82079, 'MILENA PEREIRA DE OLIVEIRA', '19/09/2005', '2ªV02-EM-HUM', NULL),
	(82085, 'LARISSA DE SOUZA SOUTO', '19/11/2007', '2ªIM01-EMI-IPI', NULL),
	(82087, 'SAVIO PACANHA DIAS', '06/09/2004', '2ªIM02-EMI-IPI', NULL),
	(82091, 'JORDAN NOGUEIRA XAVIER', '03/04/2008', '2ªIM01-EM-HUM', NULL),
	(82100, 'EMANUELE DOS SANTOS DIAS', '05/11/2007', '2ªV02-EM-HUM', NULL),
	(82106, 'MARIA EDUARDA DE SOUZA RODRIGUES', '18/04/2007', '2ªIM01-EM-HUM', NULL),
	(82108, 'RAYSSA VITORIA SA DE JESUS', '19/04/2007', '2ªIM01-EM-HUM', NULL),
	(82111, 'RYAN FERREIRA SILVA DOS SANTOS', '01/05/2006', '3ªIM01-EM-HUM', NULL),
	(82113, 'GABRIEL DA SILVA OLIVEIRA', '19/02/2006', '3ªIM01-EM-HUM', NULL),
	(82124, 'LARA CANGUCU DE LIMA', '29/01/2008', '2ªIM01-EMI-ADM', NULL),
	(82126, 'BEATRIZ SANTANA ARAUJO', '11/05/2006', '3ªIM02-EMI-ADM', NULL),
	(82128, 'MARCOS ANTONIO DE OLIVEIRA NEVES', '20/11/2006', '3ªIM02-EMI-ADM', NULL),
	(82141, 'VANESSA DUARTE DE JESUS', '06/05/2007', '2ªV02-EM-HUM', NULL),
	(82146, 'DIOGO OTAVIO MENDES DOS SANTOS', '15/05/2007', '2ªIM01-EM-HUM', NULL),
	(82164, 'KAROLINI MOREIRA DOS SANTOS BOELONI', '27/11/2007', '2ªIM01-EMI-IPI', NULL),
	(82166, 'YASMIN PEREIRA FERRARI', '12/02/2008', '2ªV01-EM-HUM', NULL),
	(82171, 'JAMILLY MORAIS SILVA', '15/09/2007', '2ªIM01-EM-HUM', NULL),
	(82177, 'FLAVIA DE JESUS FERREIRA', '03/01/2007', '3ªIM02-EMI-ADM', NULL),
	(82186, 'SOPHIA FERREIRA GONCALVES', '04/05/2008', '2ªIM01-EM-HUM', NULL),
	(82189, 'BIANCA DOS SANTOS SOUZA', '11/02/2008', '2ªV01-EM-HUM', NULL),
	(82192, 'NIELY RAMOS DIAS', '10/01/2007', '2ªIM01-EM-HUM', NULL),
	(82201, 'LUCAS RAMOS PINTO', '16/03/2006', '3ªIM01-EMI-IPI', NULL),
	(82207, 'KAIO VITOR DE OLIVEIRA BARROS', '26/03/2008', '2ªV01-EM-HUM', NULL),
	(82219, 'NICOLY ROCHA BUELONI', '14/03/2008', '2ªIM01-EMI-IPI', NULL),
	(82221, 'PIEDRO LUCAS PEREIRA MAGESCHI', '21/05/2007', '2ªIM02-EMI-IPI', NULL),
	(82224, 'KHAUE LINHARES FELIZARDO', '19/04/2007', '3ªIM01-EMI-ADM', NULL),
	(82226, 'RITA DE CASSIA DOS SANTOS SOUSA', '13/02/2007', '3ªIM02-EMI-ADM', NULL),
	(82240, 'KETELLYN SILVA FERNANDES', '18/08/2007', '2ªV01-EM-HUM', NULL),
	(82243, 'VITOR GUILHERME DA SILVA', '23/04/2007', '3ªV01-EM-HUM', NULL),
	(82250, 'KAREN OLIVEIRA PIRES', '05/12/2007', '2ªIM01-EM-HUM', NULL),
	(82251, 'LEANDRO SILVA MENEZES', '05/10/2007', '2ªIM01-EM-HUM', NULL),
	(82257, 'ADANY LAURA APARECIDA FERREIRA DOS SANTOS', '10/12/2007', '2ªIM01-EMI-ADM', NULL),
	(82260, 'IAGO COUTINHO DE FREITAS', '07/07/2007', '2ªIM01-EMI-IPI', NULL),
	(82263, 'ALEXANDRE BRAYON PINHEIRO PIZETTA', '27/01/2008', '2ªIM01-EM-HUM', NULL),
	(82265, 'FRANCIELY SANTANA DA SILVA', '02/05/2006', '3ªIM01-EMI-ADM', NULL),
	(82268, 'JULIANA EVANGELISTA FERREIRA', '17/02/2007', '3ªIM01-EMI-IPI', NULL),
	(82271, 'BRIAN AMORIM DA SILVA', '07/09/2006', '3ªIM01-EMI-IPI', NULL),
	(82299, 'LUIZA RAQUEREM SILVA SANTOS', '30/01/2007', '3ªIM01-EMI-ADM', NULL),
	(82312, 'LAECIO PASSOS BRITO', '10/11/2005', '2ªV02-EM-HUM', NULL),
	(82318, 'UERICA DOS SANTOS ALMEIDA', '02/09/2007', '2ªIM01-EMI-IPI', NULL),
	(82323, 'LIVIA COLETA DE SA', '08/05/2007', '2ªV01-EM-HUM', NULL),
	(82325, 'KETLIN CRISTINA PEREIRA MELO', '27/04/2008', '2ªV02-EM-HUM', NULL),
	(82328, 'ELIAS HENRIQUE PEREIRA SANTOS', '26/10/2006', '3ªV01-EM-HUM', NULL),
	(82332, 'PAULIANA NASCIMENTO DA SILVA', '19/04/2007', '2ªIM01-EM-HUM', NULL),
	(82344, 'WANDA COSTA DE JESUS', '24/03/2006', '3ªIM01-EMI-IPI', NULL),
	(82363, 'MARIA VITORIA ARAUJO ALVES DO NASCIMENTO', '26/12/2006', '3ªIM01-EM-HUM', NULL),
	(82371, 'ALISSON DA SILVA BISPO', '03/10/2006', '3ªIM01-EMI-IPI', NULL),
	(82374, 'ANA CAROLINY JESUS DOS SANTOS', '25/08/2006', '3ªV01-EM-HUM', NULL),
	(82377, 'RAFAEL PORCINO DOS SANTOS', '09/11/2007', '2ªIM01-EM-HUM', NULL),
	(82380, 'GABRIEL CARDOSO DE OLIVEIRA COSTA', '23/05/2006', '3ªIM01-EM-HUM', NULL),
	(82383, 'KARYM RODRIGUES BINO', '22/03/2007', '3ªIM01-EM-HUM', NULL),
	(82391, 'ACKLAN GUILHERMINO DE ARAUJO', '21/11/2006', '3ªIM01-EMI-ADM', NULL),
	(82393, 'DANTE SANTOS CASSINI', '13/04/2007', '3ªIM02-EMI-ADM', NULL),
	(82396, 'SAMUEL DA SILVA PINTO', '17/04/2007', '3ªIM01-EMI-IPI', NULL),
	(82404, 'SOFIA SHEKINAH MARTINS VAZ', '26/04/2007', '2ªIM01-EM-HUM', NULL),
	(82406, 'LAIRES NASCIMENTO BRITO', '04/01/2008', '2ªIM01-EM-HUM', NULL),
	(82420, 'MARIA EDUARDA DE SOUZA COSTA', '19/08/2007', '2ªIM01-EMI-ADM', NULL),
	(82422, 'MONIKE REIS COSTA', '31/01/2008', '2ªIM02-EMI-IPI', NULL),
	(82426, 'ARTHUR PORCINO PEREIRA', '28/04/2008', '2ªIM02-EMI-IPI', NULL),
	(82440, 'ANNA VICTORIA FRANCA SOUZA', '08/06/2006', '2ªIM01-EMI-ADM', NULL),
	(82443, 'YASMIN DA SILVA AGUIAR', '02/04/2008', '2ªIM01-EMI-ADM', NULL),
	(82445, 'EVELYN CHAVES GOMES', '06/03/2008', '2ªIM01-EMI-ADM', NULL),
	(82448, 'CAIO MAX CARDOSO DA SILVA', '30/11/2006', '2ªIM02-EMI-IPI', NULL),
	(82451, 'JHONATAS THOME DOS SANTOS', '10/04/2005', '3ªIM01-EMI-IPI', NULL),
	(82462, 'TAYNARA DOS SANTOS OLIVEIRA', '06/03/2007', '3ªV01-EM-HUM', NULL),
	(82479, 'GABRIEL ARAUJO FERREIRA', '23/06/2007', '2ªV01-EM-HUM', NULL),
	(82482, 'FAGNER GOMES DE SOUZA', '30/06/2007', '2ªV01-EM-HUM', NULL),
	(82485, 'MARLON PASSOS BRITO', '21/10/2007', '2ªV02-EM-HUM', NULL),
	(82490, 'JOYCE KEISE RODRIGUES DE JESUS', '19/05/2007', '2ªIM01-EMI-ADM', NULL),
	(82493, 'MIRELA ROSA DE SOUZA CORDEIRO', '07/11/2006', '2ªIM01-EMI-ADM', NULL),
	(82498, 'ANA CAROLINA FERREIRA DA COSTA', '22/04/2007', '2ªIM01-EMI-ADM', NULL),
	(82504, 'KAUAN BARBOSA MENDES', '08/06/2006', '3ªIM01-EMI-IPI', NULL),
	(82508, 'ANNA KAROLINA DE SOUZA LIMA', '25/09/2007', '2ªV02-EM-HUM', NULL),
	(82514, 'ROBERTA SANTOS DE JESUS', '09/01/2007', '2ªIM01-EM-HUM', NULL),
	(82519, 'TAIS SOUZA DE JESUS', '28/03/2007', '3ªIM01-EM-HUM', NULL),
	(82528, 'OTAVIO FARIA SILVA', '16/10/2006', '3ªIM01-EMI-IPI', NULL),
	(82531, 'SABRINA POSSIDONIO DOS SANTOS', '15/06/2006', '3ªIM01-EMI-IPI', NULL),
	(82540, 'DAVI PEREIRA DE JESUS', '03/06/2005', '3ªIM01-EMI-IPI', NULL),
	(82546, 'EMILI DE SOUZA SANTOS', '02/11/2006', '3ªIM01-EMI-ADM', NULL),
	(82555, 'MICAELLI PEREIRA DA SILVA', '12/06/2006', '2ªV01-EM-HUM', NULL),
	(82565, 'SAMIA LUIZA NASCIMENTO SOUZA', '25/10/2007', '2ªIM01-EMI-IPI', NULL),
	(82567, 'THIAGO SANTOS DE OLIVEIRA', '10/08/2005', '3ªIM01-EMI-IPI', NULL),
	(82574, 'LARISSA DIAS BORGES', '28/04/2006', '2ªV02-EM-HUM', NULL),
	(82587, 'ESTEVAO DA SILVA JESUS', '05/10/2006', '3ªIM01-EM-HUM', NULL),
	(82596, 'IARLES SILVA AQUINO OLIVEIRA', '31/12/2007', '2ªIM01-EMI-IPI', NULL),
	(82599, 'DIEGO DAMASCENO MACHADO', '12/04/2005', '3ªIM01-EMI-ADM', NULL),
	(82600, 'CELINY DE SOUZA SILVA', '24/09/2006', '3ªIM01-EMI-ADM', NULL),
	(82605, 'DAVID DOS SANTOS OLIVEIRA', '03/09/2006', '3ªIM01-EMI-IPI', NULL),
	(82610, 'JORDANA PEREIRA COVRE', '01/04/2006', '3ªV01-EM-HUM', NULL),
	(82621, 'KAYNA REMILLY BRASIL DA SILVA', '07/06/2007', '2ªIM01-EMI-IPI', NULL),
	(82623, 'RHIAN ROBERTO CANTAO SILVA', '17/08/2007', '2ªIM01-EMI-IPI', NULL),
	(82628, 'BRENO DIEGO OLIVEIRA LUCAS', '12/12/2005', '3ªIM02-EMI-ADM', NULL),
	(82637, 'KAMILLY DOS SANTOS RIBEIRO', '30/01/2008', '2ªIM01-EM-HUM', NULL),
	(82640, 'MARIA EDUARDA DA SILVA PEREIRA', '09/12/2004', '3ªV01-EM-HUM', NULL),
	(82642, 'STEFANY FERREIRA DA SILVA OLIVEIRA', '06/12/2007', '2ªIM01-EM-HUM', NULL),
	(82645, 'KARINY DE ANDRADE PORCINO', '02/04/2006', '3ªIM01-EM-HUM', NULL),
	(82652, 'FLAVIA ALESSANDRA ALVES GONCALVES', '03/12/2007', '2ªIM02-EMI-IPI', NULL),
	(82655, 'EMILLY ROCHA DE OLIVEIRA', '21/11/2006', '3ªIM01-EMI-ADM', NULL),
	(82657, 'KAILANE ALVES DE JESUS', '25/02/2007', '3ªIM01-EMI-ADM', NULL),
	(82664, 'GABRIELY OLIVEIRA SIPRIANO', '29/07/2007', '2ªV01-EM-HUM', NULL),
	(82669, 'NICOLLY PINHEIRO GADEIA', '01/09/2007', '2ªIM01-EM-HUM', NULL),
	(82672, 'MARIA EDUARDA DOS SANTOS PEREIRA', '21/12/2006', '3ªIM01-EM-HUM', NULL),
	(82676, 'JULIA HELENA DE SOUZA BARBOSA', '01/09/2007', '2ªIM01-EMI-ADM', NULL),
	(82677, 'ANA PAULA EVANGELISTA SOUSA', '28/05/2007', '2ªIM01-EMI-ADM', NULL),
	(82680, 'JOAO PEDRO FRANCA SOUZA', '13/12/2007', '2ªIM01-EMI-ADM', NULL),
	(82683, 'LUIZA OLIVEIRA SOUZA', '14/08/2007', '2ªIM02-EMI-IPI', NULL),
	(82686, 'FRANK DE JESUS SANTOS TEIXEIRA', '10/12/2007', '2ªIM02-EMI-IPI', NULL),
	(82688, 'GABRIEL ANDRADE BARRETO', '20/12/2006', '3ªIM01-EMI-ADM', NULL),
	(82699, 'MATHEUS KEVIN MONTEIRO DE OLIVEIRA', '09/01/2007', '2ªV02-EM-HUM', NULL),
	(82702, 'GUILHERME DE JESUS ZAMPROGNO', '03/12/2007', '2ªV02-EM-HUM', NULL),
	(82704, 'JOAO VITOR DE PINAS DE JESUS', '14/03/2007', '3ªV01-EM-HUM', NULL),
	(82712, 'ANA CLARA DA SILVA COSTA', '22/05/2007', '2ªIM01-EMI-IPI', NULL),
	(82718, 'LUCAS ELIOTERIO SANTOS', '24/01/2006', '3ªIM02-EMI-ADM', NULL),
	(82733, 'ROSILENE GARCIA DE OLIVEIRA', '12/03/2007', '3ªV01-EM-HUM', NULL),
	(82739, 'ANA TEREZA RODRIGUES DA SILVA', '02/10/2007', '3ªIM01-EM-HUM', NULL),
	(82742, 'KEZIA PEREIRA SANTOS', '17/05/2005', '3ªIM01-EMI-ADM', NULL),
	(82745, 'LETICIA ANDRADE COSTA', '26/06/2006', '3ªIM01-EMI-ADM', NULL),
	(82752, 'AGNISSON FERREIRA DOS SANTOS', '15/11/2006', '3ªV01-EM-HUM', NULL),
	(82753, 'KLARYAN GONCALVES OLIVEIRA', '24/08/2006', '3ªV01-EM-HUM', NULL),
	(82764, 'VALESKA SILVA FRANCO', '18/02/2008', '2ªIM02-EMI-IPI', NULL),
	(82766, 'GABRIEL CIRQUEIRA BARBOSA ARAUJO', '20/06/2006', '3ªIM01-EMI-IPI', NULL),
	(82782, 'HENRIQUE DE OLIVEIRA SOUZA', '02/05/2005', '3ªIM01-EMI-ADM', NULL),
	(82785, 'RICARDO SOARES DA PAIXAO', '20/03/2006', '2ªIM01-EMI-IPI', NULL),
	(82788, 'PAULO SERGIO COSTA DE ALMEIDA', '11/06/2007', '2ªIM01-EMI-ADM', NULL),
	(82798, 'LIVIA PEREIRA MACHADO', '17/02/2007', '2ªIM01-EM-HUM', NULL),
	(82805, 'JOSE ALICIO DE OLIVEIRA JUNIOR', '13/12/2007', '2ªIM01-EMI-IPI', NULL),
	(82808, 'SHAUANA SOUSA MENDES', '27/08/2007', '2ªIM02-EMI-IPI', NULL),
	(82810, 'GABRIEL VIANA DE OLIVEIRA MOTA', '14/05/2007', '3ªIM01-EMI-IPI', NULL),
	(82822, 'SAMILY VIEIRA DOS SANTOS', '04/06/2007', '2ªIM01-EM-HUM', NULL),
	(82825, 'KAIQUE DA SILVA SANTOS', '02/08/2007', '2ªIM02-EMI-IPI', NULL),
	(82830, 'SUENIA DE JESUS BENTO', '06/04/2007', '2ªIM01-EM-HUM', NULL),
	(82837, 'SAMUEL COIMBRA MESQUITA', '02/08/2007', '2ªIM01-EMI-IPI', NULL),
	(82840, 'JULIMARA DA SILVA PURCINO', '06/02/2008', '2ªIM02-EMI-IPI', NULL),
	(82848, 'TIFFANY ALTOE LUZ SILVA', '24/09/2005', '3ªV01-EM-HUM', NULL),
	(82851, 'JOAO PAULO DOS SANTOS CIRILO', '28/03/2007', '3ªV01-EM-HUM', NULL),
	(82855, 'KEMELLY VICTORIA CHAVES VERTUANI DE SOUZA', '03/05/2007', '2ªIM01-EMI-ADM', NULL),
	(82858, 'LUDMYLLA NASCIMENTO PEREIRA', '15/04/2008', '2ªIM01-EMI-ADM', NULL),
	(82860, 'MOISES SANTOS NUNES', '09/11/2006', '2ªV01-EM-HUM', NULL),
	(82863, 'ANA LUIZA BREDOFF SILVA', '19/11/2007', '2ªIM02-EMI-IPI', NULL),
	(82866, 'SANDY LARA PEREIRA DA SILVA', '07/08/2006', '3ªIM02-EMI-ADM', NULL),
	(82868, 'DARLON MELO DA SILVA', '07/04/2005', '3ªIM02-EMI-ADM', NULL),
	(82878, 'ANDREI DE SOUZA SANTOS PANTALEAO', '04/02/2006', '3ªIM01-EM-HUM', NULL),
	(82880, 'MATEUS PEREIRA VIANA', '04/10/2006', '3ªIM01-EM-HUM', NULL),
	(82890, 'LUIZ FERNANDO DA SILVA SOUZA', '04/07/2007', '2ªIM01-EMI-IPI', NULL),
	(82892, 'RHENDRICK DA SILVA ZAMBONI', '16/04/2008', '2ªIM01-EMI-IPI', NULL),
	(82895, 'KEREN PEREIRA SANTOS', '17/05/2005', '3ªIM01-EMI-ADM', NULL),
	(82896, 'LETICIA SANTOS CARVALHO', '17/05/2006', '3ªIM01-EMI-ADM', NULL),
	(82902, 'BEATRIZ SANTOS BRITO', '24/03/2008', '2ªV01-EM-HUM', NULL),
	(82904, 'CAUA DE JESUS SANTOS', '13/04/2007', '3ªV01-EM-HUM', NULL),
	(82908, 'JOAO PEDRO DOS SANTOS PORCINO', '16/06/2006', '3ªIM01-EM-HUM', NULL),
	(82911, 'JULIO WANDERSON BERNARDO RESENDE', '14/06/2006', '3ªIM01-EM-HUM', NULL),
	(82921, 'ANIRA SANTOS DE JESUS', '06/03/2007', '3ªIM01-EMI-ADM', NULL),
	(82924, 'VINICIUS SOUZA SCHAFFELN', '16/06/2006', '3ªIM02-EMI-ADM', NULL),
	(82930, 'DAYRO DOS SANTOS FERREIRA', '19/01/2007', '2ªV01-EM-HUM', NULL),
	(82934, 'ANA CAROLINA DA CRUZ PEREIRA', '02/04/2006', '3ªV01-EM-HUM', NULL),
	(82935, 'ANA CAROLINA SANTOS DE SOUZA', '31/07/2006', '3ªIM01-EM-HUM', NULL),
	(82946, 'GABRIELLA SALES MOREIRA', '21/05/2007', '2ªIM01-EMI-IPI', NULL),
	(82949, 'KAYLA DE OLIVEIRA SANTOS SILVA', '28/01/2008', '2ªIM01-EMI-IPI', NULL),
	(82952, 'JOAO LUCA LIMA DE JESUS NEVES', '20/03/2006', '3ªIM01-EMI-ADM', NULL),
	(82974, 'LAVINIA CRISTINA DIAS DE OLIVEIRA', '28/03/2007', '3ªV01-EM-HUM', NULL),
	(82975, 'MARIA EDUARDA APARECIDA ROCHA DE SOUZA', '24/11/2007', '2ªIM01-EM-HUM', NULL),
	(82979, 'LIVIA LOPES DE JESUS', '21/07/2007', '2ªIM01-EMI-ADM', NULL),
	(82982, 'LUDMILLA DE CARVALHO NOVAIS', '28/02/2008', '2ªIM01-EMI-ADM', NULL),
	(82985, 'WADSON DOS SANTOS BARBOSA', '14/02/2007', '3ªIM01-EMI-IPI', NULL),
	(82988, 'RAISSA DOS SANTOS VIEIRA', '17/06/2005', '3ªV01-EM-HUM', NULL),
	(82999, 'WESLEY DA SILVA PEREIRA', '27/10/2007', '2ªIM01-EMI-ADM', NULL),
	(83001, 'ELISA SILVA SELES', '17/03/2007', '2ªIM01-EMI-IPI', NULL),
	(83004, 'KAUA LARA AMORIM', '01/02/2008', '2ªIM01-EM-HUM', NULL),
	(83007, 'MARIA ANITA AFONSO DA ROCHA', '28/10/2006', '3ªV01-EM-HUM', NULL),
	(83017, 'GEISLA CARDOSO DOS SANTOS', '09/01/2007', '3ªIM01-EMI-ADM', NULL),
	(83022, 'DAVY LUCAS ARAUJO DA SILVA', '25/05/2006', '2ªV02-EM-HUM', NULL),
	(83028, 'ELISA MARTINS RAMOS', '30/11/2007', '2ªIM01-EMI-ADM', NULL),
	(83043, 'AYRTON PACHECO SANTOS', '28/07/2007', '2ªV02-EM-HUM', NULL),
	(83045, 'JHENNIFER DE SOUZA SANTANA', '23/07/2007', '2ªV01-EM-HUM', NULL),
	(83048, 'DANIELLE GONCALVES DE OLIVEIRA', '06/10/2007', '2ªV01-EM-HUM', NULL),
	(83051, 'HELOISA FERNANDA SALES PIRES', '04/06/2006', '3ªIM01-EM-HUM', NULL),
	(83056, 'IAGO DE JESUS DIAS', '08/10/2007', '2ªIM01-EMI-ADM', NULL),
	(83059, 'DAVI DOS SANTOS MACHADO', '17/09/2007', '2ªIM01-EMI-IPI', NULL),
	(83063, 'MARCO ANTONIO MATOS DE AZEVEDO', '12/03/2008', '2ªIM02-EMI-IPI', NULL),
	(83064, 'CAUA DE JESUS VIANA', '13/10/2006', '3ªIM01-EMI-ADM', NULL),
	(83067, 'KAYQUE GONCALVES SOUZA', '30/05/2006', '3ªIM02-EMI-ADM', NULL),
	(83079, 'RHANYEL DA SILVA SOUZA', '05/12/2006', '2ªV02-EM-HUM', NULL),
	(83081, 'EVILLYN VICTORIA VIANA SILVA', '01/03/2008', '2ªV01-EM-HUM', NULL),
	(83084, 'KETLIN JULIE DOS SANTOS MARQUES', '26/01/2008', '2ªV01-EM-HUM', NULL),
	(83097, 'ARTHUR LOPES SANTOS', '30/07/2007', '2ªIM01-EMI-ADM', NULL),
	(83101, 'ALEXSANDRA DA SILVA SANTOS', '04/01/2006', '2ªIM01-EMI-IPI', NULL),
	(83104, 'EDUARDO OLIVEIRA SANTOS', '10/04/2008', '2ªIM02-EMI-IPI', NULL),
	(83105, 'VALERIA RODRIGUES DUARTE MAESTRINI', '11/04/2007', '2ªIM02-EMI-IPI', NULL),
	(83108, 'MATHEUS TRINDADE DE SOUZA SILVA', '15/05/2008', '2ªIM02-EMI-IPI', NULL),
	(83115, 'KEVIN LUCAS PEREIRA MELO', '05/04/2007', '2ªV01-EM-HUM', NULL),
	(83122, 'DAVID DE JESUS PEREIRA', '17/01/2007', '3ªIM01-EMI-ADM', NULL),
	(83133, 'CRISTOPHER SILVA SANTOS', '22/06/2006', '2ªIM01-EMI-ADM', NULL),
	(83139, 'MURILO DA SILVA GUIMARAES', '01/02/2007', '2ªV02-EM-HUM', NULL),
	(83141, 'MELINY BOELONI DE SOUZA', '01/06/2006', '3ªIM02-EMI-ADM', NULL),
	(83144, 'ANA CAROLINY DE JESUS SOUZA', '04/10/2006', '3ªIM01-EM-HUM', NULL),
	(83152, 'ESHILEY RANGEL CARVALHO', '09/11/2007', '2ªIM01-EMI-ADM', NULL),
	(83156, 'JEFERSON SILVA RIBEIRO', '23/07/2007', '2ªIM02-EMI-IPI', NULL),
	(83159, 'ENOS DE NOVAIS FREITAS', '03/01/2007', '3ªIM01-EMI-ADM', NULL),
	(83161, 'SAMUEL DA SILVA ANDRADE', '06/03/2007', '3ªIM02-EMI-ADM', NULL),
	(83164, 'JEAN CARLOS DOS SANTOS GONCALVES', '08/11/2000', '3ªV01-EM-HUM', NULL),
	(83182, 'SUELANY PINHEIRO VIEIRA LIMA', '29/08/2005', '3ªIM01-EMI-ADM', NULL),
	(83185, 'LAVINIA MOREIRA DOS SANTOS', '27/05/2006', '2ªIM01-EMI-IPI', NULL),
	(83186, 'PAULO HENRIQUE BISPO DE OLIVEIRA', '30/06/2006', '3ªIM02-EMI-ADM', NULL),
	(83200, 'MATEUS LEMOS ELIZIARIO', '24/09/2006', '2ªV02-EM-HUM', NULL),
	(83209, 'KETLEN FERNANDES SANTOS', '06/05/2007', '2ªIM01-EM-HUM', NULL),
	(83214, 'ANA CAROLINA MARCARINI DE AGUIAR CONCEICAO', '11/11/2007', '2ªIM01-EMI-IPI', NULL),
	(83216, 'CARLOS VITOR RAMOS DIAS', '28/09/2005', '3ªIM02-EMI-ADM', NULL),
	(83225, 'KAROLINE DE JESUS SALES OLIVEIRA', '26/06/2006', '2ªV01-EM-HUM', NULL),
	(83227, 'ANY LOPES DE JESUS', '13/05/2007', '2ªIM01-EM-HUM', NULL),
	(83238, 'GABRIEL SANTOS AZEVEDO', '22/03/2008', '2ªIM01-EMI-IPI', NULL),
	(83241, 'ANA CLARA MEDINA DE OLIVEIRA', '15/04/2008', '2ªIM02-EMI-IPI', NULL),
	(83244, 'ANA CLARA VIANA SILVA', '11/01/2007', '3ªIM01-EMI-ADM', NULL),
	(83249, 'ESTEVAO LIMA BONATTO', '26/01/2006', '3ªIM02-EMI-ADM', NULL),
	(83254, 'THALITA SOARES DE JESUS ARAUJO', '01/12/2006', '3ªV01-EM-HUM', NULL),
	(83265, 'LUIZ FELIPE OLIVEIRA MENDES', '15/06/2008', '2ªIM01-EMI-ADM', NULL),
	(83268, 'MIRELA COSTA SANTOS', '12/02/2008', '2ªIM01-EMI-IPI', NULL),
	(83272, 'LEILANNY LIBARINO DOS SANTOS', '30/04/2006', '2ªIM02-EMI-IPI', NULL),
	(83275, 'PATRIK JUNIOR DE JESUS VILELA FILHO', '26/06/2006', '3ªIM01-EMI-IPI', NULL),
	(83277, 'EDUARDA DOS SANTOS FERNANDES', '29/03/2008', '3ªIM01-EM-HUM', NULL),
	(83281, 'RAMON BRITO DOS SANTOS', '25/07/2006', '3ªIM01-EM-HUM', NULL),
	(83289, 'RAFAEL PEREIRA FAVARO', '18/07/2007', '2ªIM01-EMI-ADM', NULL),
	(83292, 'ITALO DE OLIVEIRA FERREIRA', '29/05/2007', '2ªIM01-EMI-ADM', NULL),
	(83295, 'WESLAN NASCIMENTO DE OLIVEIRA', '25/12/2007', '2ªIM01-EMI-ADM', NULL),
	(83313, 'ANA CLARA FERREIRA DE OLIVEIRA', '11/01/2007', '3ªIM01-EM-HUM', NULL),
	(83319, 'LORENZZO DA SILVA SOUZA', '24/02/2008', '2ªV01-EM-HUM', NULL),
	(83333, 'RENATA BARBOSA PEREIRA', '02/04/2006', '3ªIM01-EM-HUM', NULL),
	(83337, 'MARIANA COSTA', '21/04/2008', '2ªIM01-EMI-ADM', NULL),
	(83340, 'MARCELO AMIGO SILVA LUZ', '06/08/2007', '2ªIM01-EMI-IPI', NULL),
	(83344, 'GLEYCICKELLY NASCIMENTO DOS SANTOS', '09/11/2007', '2ªIM02-EMI-IPI', NULL),
	(83345, 'MIGUEL DE AGUIAR FREITAS', '14/08/2006', '3ªIM01-EMI-IPI', NULL),
	(83358, 'ANA CLARA JARDIM SOUZA', '26/01/2007', '2ªV02-EM-HUM', NULL),
	(83360, 'SAMILLI SANTOS NUNES', '30/08/2007', '2ªV02-EM-HUM', NULL),
	(83363, 'MILENA RODRIGUES DOS SANTOS', '25/04/2006', '3ªV01-EM-HUM', NULL),
	(83372, 'LORRAYNE DOS SANTOS SILVA', '14/05/2007', '2ªIM01-EM-HUM', NULL),
	(83374, 'STENIO DIAS MAGESCHI', '13/10/2006', '3ªIM01-EM-HUM', NULL),
	(83388, 'MARIA EDUARDA DE OLIVEIRA PEREIRA', '07/11/2007', '2ªIM01-EMI-IPI', NULL),
	(83389, 'ALECIO COSTA LOCH', '18/02/2008', '2ªIM01-EMI-IPI', NULL),
	(83392, 'JANDERSON DA SILVA SANTOS', '03/12/2007', '2ªIM01-EMI-IPI', NULL),
	(83393, 'JULIANO PEREIRA GARCIA', '19/01/2008', '2ªIM01-EMI-IPI', NULL),
	(83398, 'ADRIELLI DE JESUS SANTOS', '07/06/2006', '3ªIM01-EMI-ADM', NULL),
	(83402, 'NAIAD RAMALHO DE OLIVEIRA', '15/01/2007', '3ªV01-EM-HUM', NULL),
	(83405, 'VITOR VIEIRA CORREA', '14/10/2006', '3ªV01-EM-HUM', NULL),
	(83415, 'THIAGO HENRIQUE CARVALHO DA SILVA', '12/09/2007', '2ªIM01-EMI-ADM', NULL),
	(83418, 'ENDRIA SANTOS SILVA', '14/08/2006', '3ªIM02-EMI-ADM', NULL),
	(83425, 'JOAQUIM GABRIEL RODRIGUES CHAVES', '05/06/2006', '2ªV01-EM-HUM', NULL),
	(83428, 'JOAO PAULO CARVALHO', '21/07/2007', '2ªIM01-EM-HUM', NULL),
	(83449, 'LORENA DE OLIVEIRA SANTOS', '23/10/2006', '3ªV01-EM-HUM', NULL),
	(83469, 'JOAO VITOR DE SOUZA MELO', '24/05/2007', '2ªIM01-EM-HUM', NULL),
	(83472, 'MAYANE SANTOS BORTOLOTI', '28/11/2007', '2ªIM02-EMI-IPI', NULL),
	(83475, 'EVELIN JULIA JESUS DA COSTA', '31/05/2006', '3ªIM01-EMI-ADM', NULL),
	(83477, 'KEYMILLI VITORIA MAGANHA DA SILVA', '25/03/2007', '3ªIM02-EMI-ADM', NULL),
	(83480, 'WAGNER JESUS AMORIM JUNIOR', '28/07/2007', '2ªV01-EM-HUM', NULL),
	(83482, 'DIENIFER SALVADOR DOS SANTOS', '14/05/2007', '2ªV01-EM-HUM', NULL),
	(83488, 'KAIQUE OLIVEIRA ROCHA', '28/02/2008', '2ªIM01-EM-HUM', NULL),
	(83494, 'IAGO GONCALVES RAMALHO', '16/12/2006', '2ªIM01-EMI-ADM', NULL),
	(83496, 'SAMUEL ANDRADE RIBEIRO', '13/08/2007', '2ªIM01-EMI-IPI', NULL),
	(83499, 'HELOISA HELENA DOS SANTOS LIMA', '25/02/2008', '2ªIM01-EMI-IPI', NULL),
	(83502, 'MATEUS COSTA CANARIO', '04/09/2004', '3ªIM01-EMI-IPI', NULL),
	(83505, 'DIOGO SANTOS AMARAL', '26/03/2007', '3ªIM01-EMI-IPI', NULL),
	(83518, 'SAMILI MATIAS PESSOA PAIXAO', '27/03/2007', '2ªV02-EM-HUM', NULL),
	(83521, 'JHONATA DE OLIVEIRA SANTOS', '08/05/2007', '2ªV01-EM-HUM', NULL),
	(83537, 'MARCOS VINICIUS DA SILVA REIS', '10/03/2008', '2ªV02-EM-HUM', NULL),
	(83541, 'GUILHERME SANTOS DA CONCEICAO', '21/02/2008', '2ªV01-EM-HUM', NULL),
	(83545, 'LUIZ FELIPE FERREIRA SANTOS', '12/05/2007', '2ªIM01-EM-HUM', NULL),
	(83553, 'FERNANDA SOUZA RODRIGUES', '18/09/2006', '3ªIM01-EMI-ADM', NULL),
	(83556, 'HELOYSA DE SA VARGES BRITO FREITAS', '02/01/2007', '3ªIM02-EMI-ADM', NULL),
	(83558, 'YURI SOUZA SILVA', '29/06/2006', '3ªIM01-EMI-IPI', NULL),
	(83560, 'JOAO PEDRO DE SOUZA SILVA', '27/03/2007', '3ªIM01-EMI-IPI', NULL),
	(83575, 'YASMIN DOS SANTOS CHAVES GALDINO', '13/04/2006', '3ªV01-EM-HUM', NULL),
	(83577, 'RAQUEL DE PAULA EVANGELISTA', '04/12/2007', '2ªIM01-EM-HUM', NULL),
	(83579, 'MARCIA DOS SANTOS JARDIM', '19/09/2007', '2ªIM01-EM-HUM', NULL),
	(83588, 'GABRIEL DOS SANTOS VENANCIO', '13/10/2005', '2ªIM01-EMI-ADM', NULL),
	(83591, 'RHUAN TEIXEIRA SILVA PASSOS', '05/09/2007', '2ªIM01-EMI-IPI', NULL),
	(83594, 'MARIA LUIZA MARQUES RODRIGUES NEVES', '02/09/2006', '3ªIM01-EMI-ADM', NULL),
	(83598, 'KAUAN ALVES DE JESUS', '02/02/2006', '3ªIM01-EMI-ADM', NULL),
	(83604, 'GABRIELLY GONCALVES DE SOUZA', '20/11/2006', '2ªV02-EM-HUM', NULL),
	(83607, 'CLARA DA SILVA PEREIRA', '19/12/2006', '2ªV01-EM-HUM', NULL),
	(83608, 'LUDIELY VIEIRA DA SILVA', '04/09/2007', '2ªV02-EM-HUM', NULL),
	(83613, 'ANA CLARA DA SILVA SOUZA', '05/02/2008', '2ªIM01-EMI-IPI', NULL),
	(83615, 'CARLOS HENRIQUE GOMES DE CARVALHO', '07/04/2006', '3ªIM01-EMI-IPI', NULL),
	(83629, 'HENRIQUE PORCINO DIAS', '12/09/2006', '2ªIM01-EM-HUM', NULL),
	(83632, 'CLEBER LUCAS PINHEIRO BISPO', '03/04/2005', '3ªIM01-EM-HUM', NULL),
	(83634, 'MIRELA COSTA RIBEIRO', '13/02/2007', '3ªIM01-EM-HUM', NULL),
	(83638, 'EMILY PEREIRA MEIRA', '18/09/2007', '2ªIM02-EMI-IPI', NULL),
	(83640, 'MARIANA MENDES FERREIRA', '22/11/2006', '3ªIM01-EMI-ADM', NULL),
	(100929, 'MARCELLY VITORIA RIBEIRO ALMEIDA', '12/04/2008', '1ªV01-EMI-IPI', NULL),
	(117150, 'VICTORIA QUEIROZ GAGNO', '03/09/2007', '2ªIM01-EM-HUM', NULL),
	(117546, 'SAMIRA CERQUEIRA DE JESUS', '10/11/2006', '3ªV01-EM-HUM', NULL),
	(121821, 'GUILHERME AUGUSTO SILVA NUNES', '18/10/2007', '2ªV01-EM-HUM', NULL),
	(121976, 'KEYLA GONCALVES DA SILVA SANTANA', '15/03/2009', '1ªIM03-EM', NULL),
	(141316, 'CARLOS DANIEL PEREIRA SANTOS', '14/03/2006', '3ªV01-EM-HUM', NULL),
	(182203, 'ISABELI PIMENTA RODRIGUES', '04/08/2008', '1ªV01-EMI-IPI', NULL),
	(210228, 'KESIA OLIVEIRA DO NASCIMENTO', '24/12/2006', '3ªIM01-EMI-ADM', NULL),
	(212227, 'LARISSA BAUDSON ROBERTO', '24/09/2008', '1ªIM03-EM', NULL),
	(216927, 'KAUA ALMEIDA DA CRUZ FIGUEIREDO', '21/04/2007', '1ªIM02-EM', NULL),
	(223373, 'RAISSA ELIZA CONCEICAO LEOPOLDO', '02/05/2007', '3ªV01-EM-HUM', NULL),
	(224832, 'GUILHERME DE SENA ROCHA COSTA', '17/02/2007', '3ªIM01-EM-HUM', NULL),
	(225051, 'PEDRO HENRIQUE DOS SANTOS', '19/05/2005', '3ªIM01-EM-HUM', NULL),
	(227390, 'KALIEL SILVA SANTOS', '24/09/2007', '2ªV02-EM-HUM', NULL),
	(227799, 'KAILANI MOREIRA DA SILVA', '29/04/2008', '2ªV02-EM-HUM', NULL),
	(227852, 'MYLENA PIRES DE OLIVEIRA', '19/09/2007', '2ªIM01-EMI-ADM', NULL),
	(227988, 'CALEB CANGUCU DA CRUZ', '28/01/2008', '2ªIM01-EMI-ADM', NULL),
	(228171, 'MICAELY GOMES VIANA', '10/01/2007', '2ªV02-EM-HUM', NULL),
	(228479, 'BRYAN SOARES CUNHA', '24/04/2007', '2ªV01-EM-HUM', NULL),
	(228523, 'MARIA EDUARDA CRISOSTOMO DA SILVA MONTEIRO', '20/09/2006', '2ªV02-EM-HUM', NULL),
	(228592, 'YADSON COSTA GRIFO', '30/07/2007', '2ªIM01-EMI-IPI', NULL),
	(228707, 'ANDRE VIEIRA BATISTA DOS SANTOS', '05/10/2006', '2ªV01-EM-HUM', NULL),
	(228774, 'ERIK MATHEUS SANTOS TEIXEIRA', '10/02/2008', '2ªIM01-EMI-IPI', NULL),
	(228963, 'ANE CAROLINE RODRIGUES DA SILVA', '26/06/2006', '2ªIM01-EM-HUM', NULL),
	(229810, 'GABRIELA DE SOUZA PINTO', '08/08/2006', '1ªV01-EM', NULL),
	(233642, 'MATEUS MOREIRA DE SOUZA', '06/05/2007', '2ªV02-EM-HUM', NULL),
	(233701, 'CAIO LENNER BARBOSA DAMACENA', '29/08/2007', '2ªV01-EM-HUM', NULL),
	(233907, 'ELOISA RAMOS FIGUEIREDO', '03/06/2007', '2ªV02-EM-HUM', NULL),
	(233938, 'CLAUDINEY DOS SANTOS GOMES', '09/12/2006', '2ªV01-EM-HUM', NULL),
	(233967, 'WESLEY ALVES DE SOUZA PASSOS', '03/02/2007', '2ªV02-EM-HUM', NULL),
	(234323, 'ALISSON RUAN VICENTE LIBARINO', '19/03/2007', '2ªV02-EM-HUM', NULL),
	(234492, 'ESTEFANI DA SILVA SANTOS', '30/07/2006', '2ªV01-EM-HUM', NULL),
	(234626, 'GEAN GENTIL FERNANDES BRAGA', '02/09/2007', '2ªV02-EM-HUM', NULL),
	(234803, 'MARIA EDUARDA BARBOSA NEVES', '01/01/2007', '2ªV01-EM-HUM', NULL),
	(238069, 'MARCOS VINICIUS SOUSA SANTOS', '09/10/2006', '2ªV02-EM-HUM', NULL),
	(238192, 'ISADORA CONCEICAO JESUS', '17/07/2008', '2ªIM02-EMI-IPI', NULL),
	(240828, 'HELOISA CHECON RIBEIRO SOUZA ALVES', '16/08/2008', '1ªIM03-EM', NULL),
	(242302, 'MARIANE ROCHA DE ANDRADE', '21/12/2006', '2ªV02-EM-HUM', NULL),
	(243082, 'LEONA DE JESUS DA CONCEICAO', '25/10/2007', '2ªIM01-EM-HUM', NULL),
	(245722, 'RAFAEL DOS SANTOS FONSECA', '11/09/2008', '1ªV01-EM', NULL),
	(245804, 'NATALIA RODRIGUES DE SOUZA', '26/02/2009', '1ªIM01-EM', NULL),
	(245888, 'MATHEUS VIEIRA DOS SANTOS', '25/09/2008', '1ªIM02-EM', NULL),
	(246763, 'PEDRO MARCOS SANTOS CORDEIRO', '16/01/2008', '1ªV01-EM', NULL),
	(247412, 'MARIA LUISA ELOI DE SOUZA', '02/12/2008', '1ªIM01-EMI-IPI', NULL),
	(247815, 'MARIA LUYZA DOS SANTOS SILVA', '17/03/2009', '1ªIM01-EM', NULL),
	(248024, 'DANYA PEREIRA GIGANTE', '28/12/2008', '1ªIM01-EMI-IPI', NULL),
	(248703, 'EZEQUIEL SILVA PIRES', '12/12/2008', '1ªIM01-EMI-IPI', NULL),
	(248737, 'EVELYN CAROLINY SILVA RIBEIRO', '05/05/2008', '1ªIM01-EMI-IPI', NULL),
	(249588, 'NARRYDA VICTORIA DA SILVA PEREIRA', '22/09/2008', '1ªIM01-EMI-IPI', NULL),
	(250091, 'STHEFANY SILVA SANTOS', '14/04/2008', '1ªV01-EMI-IPI', NULL),
	(250108, 'KAIQUE BONFIM INACIO', '06/08/2008', '1ªIM01-EM', NULL),
	(250663, 'THIFANY ALVES ANDRADE', '31/03/2009', '1ªIM01-EM', NULL),
	(250754, 'NICOLLY DOS ANJOS GOMES', '01/02/2009', '1ªV01-EM', NULL),
	(250950, 'VITOR LUCAS MOREIRA MENDES', '17/09/2008', '1ªIM01-EMI-IPI', NULL),
	(250960, 'PEDRO HENRIQUE RESENDE DE CARVALHO CANGUCU', '22/06/2008', '1ªIM01-EM', NULL),
	(251084, 'INGRID DE ANDRADE FERNANDES', '05/09/2008', '1ªIM03-EM', NULL),
	(251485, 'ERICK SANTOS PEREIRA', '07/12/2007', '1ªIM02-EM', NULL),
	(251524, 'NATHALIA GABRESCHT LIMA SANTOS', '07/04/2009', '1ªIM01-EMI-IPI', NULL),
	(251592, 'ANA CLARA DOS SANTOS PEREIRA', '21/11/2008', '1ªIM03-EM', NULL),
	(251732, 'SAMIRA FREITAS RAMOS', '13/11/2008', '1ªIM03-EM', NULL),
	(251736, 'LARISSA DOS SANTOS VENANCIO', '31/12/2008', '1ªV01-EMI-IPI', NULL),
	(253078, 'YASMIN MAGESCHI COMPER DE SOUZA', '02/04/2009', '1ªIM02-EM', NULL),
	(254038, 'CAMILA MEIRA FAZOLLO', '08/04/2008', '1ªIM01-EMI-IPI', NULL),
	(254050, 'JOAO LUCAS DA SILVA SANTOS', '07/08/2008', '1ªIM01-EMI-IPI', NULL),
	(254123, 'EMANUEL BOELONI DE AZEVEDO ANDRADE', '30/06/2008', '1ªIM01-EMI-IPI', NULL),
	(254300, 'ARTHUR DE JESUS POLY', '21/07/2008', '1ªIM01-EM', NULL),
	(255635, 'SAMILLY POLUCENO LOPES', '29/10/2008', '1ªV01-EMI-IPI', NULL),
	(255758, 'GABRIELA MENDES SANTOS ZANON', '09/05/2009', '1ªIM02-EM', NULL),
	(255797, 'RAKELLY SOUZA SANTOS', '09/11/2008', '1ªV01-EMI-IPI', NULL),
	(255924, 'MARIA EDUARDA COSTA', '10/01/2008', '1ªIM02-EM', NULL),
	(256559, 'GUILHERME COLOMBI PIOL', '20/12/2008', '1ªIM01-EM', NULL),
	(257025, 'ARTHUR PEREIRA RIBEIRO', '28/05/2008', '1ªV01-EMI-IPI', NULL),
	(257352, 'LUCAS DA CONCEICAO VITOR SOUZA', '03/12/2008', '1ªV01-EMI-IPI', NULL),
	(257403, 'ENZO DUTRA GABRIEL', '15/04/2008', '1ªIM01-EM', NULL),
	(257741, 'ERIKA SANTANA DOS SANTOS', '23/09/2008', '1ªIM01-EMI-IPI', NULL),
	(257837, 'ARIEL SALES SANTOS', '14/09/2008', '1ªIM03-EM', NULL),
	(258363, 'ANA JULIA SOUSA DOS SANTOS', '12/07/2008', '1ªIM03-EM', NULL),
	(258513, 'THAIS MIGUEL DOS SANTOS', '05/03/2009', '1ªIM01-EM', NULL),
	(258687, 'MARIA EDUARDA SANTOS GOMES', '22/09/2008', '1ªIM01-EMI-IPI', NULL),
	(258964, 'AMANDA DOS SANTOS BENTO', '17/10/2008', '1ªIM01-EMI-IPI', NULL),
	(259128, 'RAKELI DE JESUS JUSTO DA CRUZ', '18/07/2008', '1ªV01-EMI-IPI', NULL),
	(259244, 'BEATRIZ ALMEIDA WANDERMUREM', '07/09/2008', '1ªIM01-EM', NULL),
	(259541, 'LAZARO SOUZA ALEXANDRE', '07/04/2009', '1ªIM01-EM', NULL),
	(259823, 'LUAISA DIAS FIOROTI', '02/01/2009', '1ªIM01-EM', NULL),
	(260367, 'GUSTAVO DE SOUZA CRUZ', '13/01/2009', '1ªIM01-EMI-IPI', NULL),
	(260369, 'JULIA VIEIRA SANTOS', '24/02/2009', '1ªIM02-EM', NULL),
	(260383, 'RIQUELME OLIVEIRA DOS SANTOS', '12/05/2008', '1ªV01-EMI-IPI', NULL),
	(260401, 'THAINA DUARTE ARAUJO', '28/04/2008', '1ªV01-EMI-IPI', NULL),
	(260981, 'DERIC DE SOUZA VERISSIMO', '11/04/2008', '1ªIM01-EMI-IPI', NULL),
	(261020, 'IRIS SANTANA DA SILVA', '06/11/2008', '1ªIM03-EM', NULL),
	(261115, 'GUILHERME GOMES SALES', '08/09/2008', '1ªIM01-EMI-IPI', NULL),
	(261250, 'CAINA DE SOUZA OLIVEIRA', '21/03/2007', '1ªIM02-EM', NULL),
	(261425, 'HELOA DE MENEZES CRUZ', '27/11/2008', '1ªIM02-EM', NULL),
	(261645, 'DANIELY SOUZA DE JESUS FERREIRA', '23/12/2008', '1ªIM01-EM', NULL),
	(261777, 'YASMIN ALVES DA CRUZ XAVIER', '05/09/2008', '1ªIM02-EM', NULL),
	(262016, 'ANA CLARA RIBEIRO DE JESUS', '29/03/2007', '1ªIM01-EMI-IPI', NULL),
	(262169, 'ALEXANDRE DE OLIVEIRA ROSA', '08/04/2008', '1ªIM01-EM', NULL),
	(262206, 'EMILY OLIVEIRA DE SOUZA', '16/11/2008', '1ªIM01-EM', NULL),
	(262308, 'MARIA VITORIA TEIXEIRA JACOBSEN', '20/01/2009', '1ªIM01-EMI-IPI', NULL),
	(262568, 'ARMANDO FERNANDES BORBOREMA FILHO', '15/07/2008', '1ªIM01-EMI-IPI', NULL),
	(262577, 'MAYZA CORREIA DA SILVA', '13/05/2008', '1ªIM02-EM', NULL),
	(262978, 'LUIZ HENRIQUE NOGUEIRA ALEXANDRE', '25/03/2008', '1ªIM01-EM', NULL),
	(263321, 'MARIA EDUARDA CARDOSO DA SILVEIRA', '03/03/2009', '1ªV01-EMI-IPI', NULL),
	(263825, 'CARLOS HENRIQUE DOS SANTOS OLIVEIRA', '22/05/2008', '1ªIM01-EMI-IPI', NULL),
	(264034, 'VITOR DE JESUS SILVA', '30/10/2008', '1ªIM01-EM', NULL),
	(264074, 'VITORIA DE JESUS SILVA', '30/10/2008', '1ªIM01-EM', NULL),
	(264701, 'EVENI SILVA SERQUEIRA', '13/03/2009', '1ªV01-EMI-IPI', NULL),
	(264898, 'GABRIEL RIOS SOARES DE BRITO', '30/05/2008', '1ªIM01-EMI-IPI', NULL),
	(265038, 'PEDRO MENDES COSTA DE SOUZA', '30/06/2008', '1ªIM01-EMI-IPI', NULL),
	(265217, 'PYETRO DIAS SANTOS MAGESCHI', '12/02/2009', '1ªIM03-EM', NULL),
	(265300, 'LAIS VIEIRA GINO LIMA', '08/12/2008', '1ªIM01-EM', NULL),
	(265368, 'ELOAISA VIANA DOS SANTOS', '15/05/2008', '1ªV01-EMI-IPI', NULL),
	(265825, 'ANA LUYZA ALVES DA ROCHA SANTOS', '15/05/2008', '1ªIM01-EM', NULL),
	(266431, 'ESTEFANI DA CRUZ CARVALHO', '06/02/2008', '1ªIM03-EM', NULL),
	(266552, 'MARIA BETHANIA COSTA FERNANDES DE SOUZA', '24/01/2008', '1ªIM02-EM', NULL),
	(266652, 'ANA ELISA NASCIMENTO ZIVIANI', '18/12/2008', '1ªIM01-EMI-IPI', NULL),
	(266881, 'THAINA ROSA DOS SANTOS SOUZA', '26/11/2008', '1ªV01-EM', NULL),
	(267050, 'RAI SANTOS DA SILVA', '04/08/2008', '1ªIM03-EM', NULL),
	(267509, 'MARIA VITORIA BARBOSA MARTINS', '15/03/2009', '1ªIM01-EM', NULL),
	(267738, 'NICOLAS DOS SANTOS PEREIRA', '15/01/2008', '1ªIM03-EM', NULL),
	(267799, 'TANDE DE OLIVEIRA MOREIRA', '24/09/2006', '1ªIM01-EM', NULL),
	(268301, 'HUGO PEREIRA FERREIRA', '04/03/2009', '1ªIM02-EM', NULL),
	(268483, 'THAINARA DA SILVA MARTINS', '18/08/2008', '1ªIM02-EM', NULL),
	(268492, 'THAISA DA SILVA MARTINS', '18/08/2008', '1ªIM02-EM', NULL),
	(268911, 'GUILHERME MANZOLI PEREIRA', '12/12/2008', '1ªV01-EM', NULL),
	(268920, 'DAVY HENRIQUE GOMES DOS SANTOS', '15/11/2008', '1ªV01-EMI-IPI', NULL),
	(268955, 'CLOVES HENRIQUE PEREIRA MAGESCHI', '23/03/2009', '1ªIM01-EMI-IPI', NULL),
	(269125, 'ANA CLARA MAGANHA DA SILVA', '07/07/2009', '1ªIM01-EMI-IPI', NULL),
	(269270, 'MARIA HELOISA SANTOS DA SILVA', '02/05/2008', '1ªV01-EMI-IPI', NULL),
	(269474, 'LUCAS RODRIGUES DUARTE MAESTRINI', '07/02/2009', '1ªIM01-EMI-IPI', NULL),
	(269769, 'RAYSSA PAIXAO GONCALVES', '17/04/2008', '1ªIM02-EM', NULL),
	(269820, 'ELIABE AZEVEDO ROCHA', '19/12/2008', '1ªIM01-EMI-IPI', NULL),
	(269910, 'RAQUEL SANTOS VILELA', '14/07/2008', '1ªIM01-EM', NULL),
	(269927, 'JEFFERSON COSTA MACENA', '06/07/2008', '1ªIM01-EMI-IPI', NULL),
	(269971, 'MIGUEL BOMFIM MOREIRA', '29/01/2008', '1ªV01-EMI-IPI', NULL),
	(270431, 'CARLOS EDUARDO DUTRA DA SILVA', '29/06/2008', '1ªIM02-EM', NULL),
	(270433, 'KAIQUE SILVA ALMEIDA', '30/06/2008', '1ªIM01-EM', NULL),
	(270589, 'IURY RESENDE MEIRA', '10/10/2008', '1ªIM01-EM', NULL),
	(270603, 'LORENA MARQUES FERREIRA', '08/05/2008', '1ªIM02-EM', NULL),
	(271024, 'CAYO DIAS RAMOS', '10/07/2008', '1ªIM01-EM', NULL),
	(271077, 'RHYAN CEZAR DA CONCEICAO SANTOS', '17/11/2008', '1ªIM03-EM', NULL),
	(271494, 'ITALO BARBOSA LIMA', '05/09/2007', '1ªIM03-EM', NULL),
	(271528, 'RENATO DE MORAIS ALMEIDA', '07/02/2008', '1ªIM01-EM', NULL),
	(271705, 'HELOA DA SILVA MOREIRA', '27/02/2009', '1ªIM01-EM', NULL),
	(272203, 'KAMILLY DE ALMEIDA RAMOS', '12/02/2009', '1ªIM01-EMI-IPI', NULL),
	(272237, 'LARISSA XAVIER DE SOUZA', '26/11/2008', '1ªIM02-EM', NULL),
	(272537, 'DAVI TEIXEIRA CHAVES', '14/05/2009', '1ªIM02-EM', NULL),
	(272956, 'VINICIUS DE FREITAS VALENTE', '01/05/2006', '1ªV01-EMI-IPI', NULL),
	(273070, 'EMILY PEREIRA DE FREITAS', '16/11/2008', '1ªV01-EM', NULL),
	(273313, 'ERIK GUILHERME DA SILVA', '10/02/2009', '1ªV01-EMI-IPI', NULL),
	(273468, 'JENIFER DOS SANTOS FERREIRA', '18/01/2009', '1ªV01-EM', NULL),
	(273657, 'ANDRIA SILVA PEREIRA DOS SANTOS', '01/03/2009', '1ªIM02-EM', NULL),
	(273678, 'ELLEN ANDRADE DE OLIVEIRA', '22/12/2007', '1ªV01-EMI-IPI', NULL),
	(273764, 'MARIA EDUARDA DE BRITO ALVES', '19/03/2009', '1ªIM01-EMI-IPI', NULL),
	(274122, 'ISABELA DE OLIVEIRA MARTINS', '16/03/2009', '1ªV01-EMI-IPI', NULL),
	(274370, 'JULIA NASCIMENTO BOZZI', '23/01/2009', '1ªIM01-EMI-IPI', NULL),
	(274977, 'CLEYTON DOUGLAS LUCAS DOS SANTOS', '17/05/2007', '1ªIM03-EM', NULL),
	(275780, 'KAUA COELHO TEIXEIRA', '14/05/2007', '1ªV01-EMI-IPI', NULL),
	(275814, 'ANTONIO DONATO NEVES VIEIRA SANTOS BRAGA', '22/12/2008', '1ªIM02-EM', NULL),
	(276053, 'MATHEUS HENRIQUE LOPES BALBINO DE SOUZA', '02/12/2008', '1ªIM01-EMI-IPI', NULL),
	(276308, 'YARA DOS SANTOS SILVA', '26/05/2008', '1ªIM01-EM', NULL),
	(276372, 'ESTHER SANTOS DE SOUZA', '19/05/2008', '1ªV01-EMI-IPI', NULL),
	(276616, 'MAYLANE SANTOS ALVES', '10/12/2007', '1ªIM02-EM', NULL),
	(277022, 'ALINE SILVARES DOS SANTOS', '15/03/2009', '1ªIM03-EM', NULL),
	(277347, 'ISAAC DE OLIVEIRA BATISTA SILVA', '06/04/2008', '1ªIM02-EM', NULL),
	(277596, 'LUIZ GUSTAVO DE SOUZA', '28/07/2008', '1ªIM03-EM', NULL),
	(277608, 'MYLLENA VITORIA SILVA COSTA', '19/03/2009', '1ªIM02-EM', NULL),
	(277669, 'HIAGO VICTOR MILLI DE OLIVEIRA', '01/09/2008', '1ªIM02-EM', NULL),
	(277670, 'JHEFFERSON DOS SANTOS SILVA', '03/04/2009', '1ªIM01-EMI-IPI', NULL),
	(277948, 'ARTHUR NASCIMENTO SILVA', '23/09/2008', '1ªIM01-EMI-IPI', NULL),
	(278041, 'KEZIA GUILHERMINO DE ARAUJO', '19/02/2009', '1ªIM02-EM', NULL),
	(278280, 'GEAN BARBOSA DOS SANTOS', '09/05/2008', '1ªIM02-EM', NULL),
	(278339, 'GEOVANE BARBOSA DOS SANTOS', '09/05/2008', '1ªIM02-EM', NULL),
	(279388, 'WEVERTON DOS SANTOS SOUZA', '06/05/2008', '1ªV01-EMI-IPI', NULL),
	(279728, 'EIRIANY EVILYN DA SILVA DIOLINDA', '15/01/2009', '1ªIM01-EM', NULL),
	(279830, 'THAMYRIS FERREIRA BARRETO DE SOUZA', '14/12/2007', '1ªIM01-EM', NULL),
	(279973, 'SERGIO LUIS PINHEIRO GADEIA', '23/02/2009', '1ªIM03-EM', NULL),
	(280027, 'VERONICA DA SILVA PORCINO', '19/09/2008', '1ªIM03-EM', NULL),
	(280103, 'ISABELI CARVALHO DA SILVA', '13/07/2007', '1ªV01-EMI-IPI', NULL),
	(280381, 'GUSTHAVO NASCIMENTO', '08/08/2008', '1ªV01-EMI-IPI', NULL),
	(280883, 'MAX FLAY SILVA OLIVEIRA', '28/12/2007', '1ªIM03-EM', NULL),
	(280936, 'EVELYN SANTANA REIS', '04/07/2008', '1ªIM02-EM', NULL),
	(281116, 'DEISE VIEIRA DA SILVA', '01/06/2008', '1ªV01-EM', NULL),
	(281157, 'LETICIA COSTA DA SILVA', '12/10/2006', '1ªIM02-EM', NULL),
	(281323, 'BERNARDO AGENOR GUSMAO DA SILVA', '05/01/2008', '1ªIM03-EM', NULL),
	(281723, 'JOSE AUREO SALOMAO LIMA SANTOS', '22/03/2008', '1ªIM01-EMI-IPI', NULL),
	(281747, 'SARA SANTANA DE OLIVEIRA PINTO', '17/03/2007', '2ªV01-EM-HUM', NULL),
	(281944, 'JOAO PEDRO XAVIER OLIVEIRA', '01/06/2005', '1ªV01-EM', NULL),
	(282034, 'LARA MENDES DOS SANTOS', '06/05/2009', '1ªIM01-EMI-IPI', NULL),
	(282118, 'MARIA APARECIDA LIMA DOS SANTOS', '18/05/2005', '1ªIM03-EM', NULL),
	(282300, 'ERICA CLAUDINO DOS SANTOS', '07/08/2008', '1ªV01-EMI-IPI', NULL),
	(282359, 'EDMUNDO SANTOS DE OLIVEIRA JUNIOR', '02/09/2006', '1ªIM02-EM', NULL),
	(283088, 'KYSLA BRUNA NUNES MARTILIANO SANTOS (KYSLA)', '15/01/2009', '1ªIM01-EM', NULL),
	(283389, 'MARIA EDUARDA SILVA DE BARROS', '12/06/2007', '1ªV01-EMI-IPI', NULL),
	(283825, 'GUSTAVO HENRIQUE CRISOSTOMO DA SILVA MONTEIRO', '01/06/2008', '1ªV01-EM', NULL),
	(284411, 'LUIZ ROBERTO GOMES DA CRUZ', '27/04/2008', '1ªIM01-EMI-IPI', NULL),
	(284516, 'STEFANY DOS SANTOS LIMA', '22/06/2008', '1ªIM02-EM', NULL),
	(284629, 'ANGELO MIGUEL PEREIRA DA SILVA', '16/12/2008', '1ªIM03-EM', NULL),
	(284718, 'YASMIN FREITAS DA SILVA', '04/07/2008', '1ªIM02-EM', NULL),
	(284760, 'KEMILLI DE SOUZA NASCIMENTO', '02/09/2008', '1ªIM01-EMI-IPI', NULL),
	(284869, 'KAYLINI DA FONSECA PESSOA', '14/04/2009', '1ªIM01-EM', NULL),
	(285099, 'MARCOS ANTONIO DOS SANTOS RAMOS', '21/07/2008', '1ªIM01-EM', NULL),
	(285233, 'WELLINTON DOS SANTOS ALMEIDA', '10/12/2008', '1ªIM01-EMI-IPI', NULL),
	(285514, 'KEMILI DOS SANTOS RAMALHO', '02/04/2008', '1ªIM01-EM', NULL),
	(286139, 'CARLOS HENRIQUE DOS SANTOS TEIXEIRA', '22/11/2007', '1ªIM01-EM', NULL),
	(286161, 'MIRIAN ESTHER DOS SANTOS LIMA', '01/01/2009', '1ªV01-EM', NULL),
	(286192, 'EMILY DA SILVA SANTOS', '10/04/2008', '1ªIM02-EM', NULL),
	(286464, 'EZEQUIEL PADILHA DOS SANTOS', '14/07/2008', '1ªV01-EMI-IPI', NULL),
	(286546, 'JOAO VITOR QUIEL DE ARAUJO ALVES DO NASCIMENTO', '20/05/2008', '1ªIM01-EMI-IPI', NULL),
	(286576, 'DAVI MIGUEL DA SILVA', '29/06/2008', '1ªIM02-EM', NULL),
	(286899, 'EMILY PINTO DA SILVA', '28/09/2008', '1ªIM01-EM', NULL),
	(286908, 'ANA CLARA VIANA DE OLIVEIRA ROCHA', '29/03/2009', '1ªIM01-EM', NULL),
	(287299, 'JOSE VICTOR SILVA DE CARVALHO', '17/06/2009', '1ªIM01-EMI-IPI', NULL),
	(287318, 'KARINY COSTA SOUZA', '04/10/2008', '1ªIM01-EMI-IPI', NULL),
	(287548, 'CRISLAINE SANTOS DE ALMEIDA', '31/03/2009', '1ªIM03-EM', NULL),
	(287745, 'ESTEFANI BARBOSA SOUZA', '19/05/2008', '1ªIM03-EM', NULL),
	(287774, 'WELYNTON SANTOS LINS', '06/04/2009', '1ªV01-EMI-IPI', NULL),
	(287958, 'TAINA SOUZA DE JESUS', '21/03/2009', '1ªIM01-EMI-IPI', NULL),
	(287982, 'GABRIEL CAITANO DE OLIVEIRA SOARES', '12/07/2008', '1ªIM02-EM', NULL),
	(288149, 'ADRYEL DE SOUZA DIAS', '23/03/2009', '1ªV01-EM', NULL),
	(288217, 'MAYSA DOS SANTOS CARVALHO', '24/04/2009', '1ªIM01-EM', NULL),
	(288668, 'DANIEL CARDOSO LEAO', '30/10/2006', '3ªIM01-EM-HUM', NULL),
	(288881, 'TALLES SOUZA COSTA', '22/01/2009', '1ªV01-EMI-IPI', NULL),
	(289536, 'MARIANA SANTOS PARDINHO', '04/02/2004', '1ªIM03-EM', NULL),
	(290433, 'KAIQUE SANTOS TIGRE', '18/12/2008', '1ªV01-EM', NULL),
	(291317, 'STEFANY PEREIRA RIBEIRO MACHADO', '30/11/2007', '1ªV01-EM', NULL),
	(293013, 'KAIQUE ALMEIDA GOMES', '05/03/2009', '1ªV01-EM', NULL),
	(294411, 'DHIONY CLAYTON SANTOS DE JESUS', '25/09/2007', '1ªV01-EM', NULL),
	(294420, 'MARIA PAULA FERREIRA DOS SANTOS', '01/06/2007', '1ªV01-EM', NULL),
	(294459, 'NATHALIA DE JESUS GOMES', '05/05/2008', '1ªIM03-EM', NULL),
	(294503, 'RYAN DOS SANTOS CHAVES', '04/09/2008', '1ªV01-EM', NULL),
	(294588, 'ALINE GARCIA CHAVES', '01/03/2009', '1ªV01-EMI-IPI', NULL),
	(294594, 'ACSON LUCAS GIACOMIN LOPES', '08/08/2008', '1ªV01-EM', NULL),
	(294638, 'SWIAN GABRIEL DE SOUZA CARVALHO', '08/12/2007', '2ªV02-EM-HUM', NULL),
	(294697, 'VICTOR MENDES DOS SANTOS', '29/11/2007', '1ªV01-EM', NULL),
	(294886, 'LAURA CALIARI MOTA', '17/09/2008', '1ªV01-EMI-IPI', NULL),
	(294938, 'MARIA EDUARDA FREITAS DOS SANTOS RODRIGUES', '09/02/2009', '1ªV01-EM', NULL),
	(295052, 'SELENE SILVA DOS SANTOS', '10/02/2009', '1ªIM03-EM', NULL),
	(295092, 'THAYNARA VICENTE MACEDO', '26/04/2008', '1ªV01-EM', NULL),
	(295112, 'ANA CAROLINA FREITAS DOS SANTOS', '01/04/2009', '1ªV01-EM', NULL),
	(295206, 'RIQUELVE VARGAS PINHEIRO DA COSTA', '06/03/2009', '1ªV01-EM', NULL),
	(295317, 'MILENA PRATES DOS SANTOS', '10/05/2008', '1ªIM03-EM', NULL),
	(295414, 'MARIA EDUARDA DE JESUS ROCHA', '19/04/2009', '1ªIM03-EM', NULL),
	(295660, 'LAIS CAITANO DOS SANTOS', '12/07/2009', '1ªIM03-EM', NULL),
	(295803, 'RUTH ISABELY FERREIRA DE BRITO', '23/12/2006', '1ªIM03-EM', NULL),
	(296443, 'RAQUEL JESUS DA SILVA', '01/07/2007', '1ªIM03-EM', NULL),
	(296904, 'YURI RODRIGUES DOS SANTOS', '20/12/2008', '1ªIM03-EM', NULL),
	(296929, 'JOAO VITOR BARBOSA DA CONCEICAO', '23/10/2006', '1ªV01-EM', NULL),
	(296981, 'CARLA FARIAS OLIVEIRA', '12/06/2006', '1ªV01-EM', NULL),
	(297000, 'KETTELI SILVA RODRIGUES', '13/10/2008', '1ªIM03-EM', NULL),
	(297252, 'MARIA HELOISA DA SILVA', '18/03/2009', '1ªV01-EMI-IPI', NULL),
	(297594, 'MYLENA BALBINO DOS SANTOS', '19/07/2007', '1ªIM02-EM', NULL),
	(297930, 'GUILHERME CARDOSO DA SILVA', '04/05/2008', '1ªIM03-EM', NULL),
	(298930, 'HENRIQUE EMANOEL BARBOZA VALENTINO', '13/01/2008', '1ªV01-EM', NULL),
	(299534, 'IAN PABLO RODRIGUES DOS SANTOS', '04/12/2008', '1ªV01-EM', NULL),
	(299545, 'FERNANDA SANTOS SILVA', '17/06/2007', '1ªIM03-EM', NULL),
	(301903, 'KAIQUE ANDRIONI DE SOUZA RAMOS', '27/01/2008', '1ªV01-EM', NULL),
	(301936, 'KAUA VITOR FRANCA DA SILVA', '08/05/2008', '1ªV01-EMI-IPI', NULL),
	(302418, 'GUILHERME DE OLIVEIRA CABRAL', '21/10/2007', '2ªV01-EM-HUM', NULL),
	(303798, 'SAMIRA DA SILVA SANTOS', '24/04/2006', '1ªIM03-EM', NULL),
	(303945, 'JOSE WELLINGTON DA SILVA SANTOS', '05/02/2009', '1ªIM03-EM', NULL),
	(305095, 'GABRIEL ZANONI FARIAS', '18/08/2007', '1ªIM01-EMI-IPI', NULL),
	(305424, 'LETICIA MOREIRA DE OLIVEIRA', '12/05/2008', '1ªV01-EM', NULL),
	(306890, 'PABLIO DOS SANTOS SOUZA', '09/01/2007', '1ªV01-EM', NULL),
	(307054, 'MARIANA DOS SANTOS VIEIRA', '19/12/2008', '1ªV01-EMI-IPI', NULL),
	(308877, 'DANIEL WANDERMUREM ALVES', '22/05/2007', '1ªIM02-EM', NULL),
	(310006, 'MARIA ISABELI DA SILVA PORFIRIO', '23/11/2008', '2ªV01-EM-HUM', NULL),
	(310068, 'MARCOS ANTONIO DE JESUS QUEIROZ', '26/08/2007', '2ªV01-EM-HUM', NULL),
	(824495, 'ALANA PEREIRA CARDOSO', '15/02/2007', '2ªIM01-EMI-ADM', NULL);

-- Copiando estrutura para tabela monitoramento.descritores
CREATE TABLE IF NOT EXISTS `descritores` (
  `id` int NOT NULL AUTO_INCREMENT,
  `descritor` varchar(255) COLLATE utf8mb4_general_ci DEFAULT NULL,
  `habilidade` text COLLATE utf8mb4_general_ci,
  `materia` varchar(255) COLLATE utf8mb4_general_ci DEFAULT NULL,
  PRIMARY KEY (`id`)
) ENGINE=InnoDB DEFAULT CHARSET=utf8mb4 COLLATE=utf8mb4_general_ci;

-- Copiando dados para a tabela monitoramento.descritores: ~0 rows (aproximadamente)

-- Copiando estrutura para tabela monitoramento.disciplinas
CREATE TABLE IF NOT EXISTS `disciplinas` (
  `id` int NOT NULL AUTO_INCREMENT,
  `nome` varchar(255) COLLATE utf8mb4_general_ci DEFAULT NULL,
  PRIMARY KEY (`id`)
) ENGINE=InnoDB AUTO_INCREMENT=4 DEFAULT CHARSET=utf8mb4 COLLATE=utf8mb4_general_ci;

-- Copiando dados para a tabela monitoramento.disciplinas: ~2 rows (aproximadamente)
INSERT INTO `disciplinas` (`id`, `nome`) VALUES
	(1, 'Desenvolvimento de Sistemas'),
	(2, 'Linguagem de Programação Orientada a Objetos'),
	(3, 'OPENCV');

-- Copiando estrutura para tabela monitoramento.gabarito_alunos
CREATE TABLE IF NOT EXISTS `gabarito_alunos` (
  `id` int NOT NULL AUTO_INCREMENT,
  `aluno` varchar(255) COLLATE utf8mb4_general_ci DEFAULT NULL,
  `ra` varchar(255) COLLATE utf8mb4_general_ci DEFAULT NULL,
  `turma` varchar(255) COLLATE utf8mb4_general_ci DEFAULT NULL,
  `turno` varchar(255) COLLATE utf8mb4_general_ci DEFAULT NULL,
  `id_prova` int DEFAULT NULL,
  `serie` int DEFAULT NULL,
  `nome_professor` varchar(255) COLLATE utf8mb4_general_ci DEFAULT NULL,
  `descritores` varchar(255) COLLATE utf8mb4_general_ci DEFAULT NULL,
  `disciplina` varchar(255) COLLATE utf8mb4_general_ci DEFAULT NULL,
  `nome_prova` varchar(255) COLLATE utf8mb4_general_ci DEFAULT NULL,
  `pontos_prova` float DEFAULT NULL,
  `QNT_perguntas` int DEFAULT NULL,
  `data_aluno` date DEFAULT NULL,
  `acertos` int DEFAULT NULL,
  `porcentagem` int DEFAULT NULL,
  `pontos_aluno` int DEFAULT NULL,
  `pontos_aluno_quebrado` float DEFAULT NULL,
  `perguntas_respostas` varchar(255) COLLATE utf8mb4_general_ci DEFAULT NULL,
  `perguntas_certas` varchar(255) COLLATE utf8mb4_general_ci DEFAULT NULL,
  `perguntas_erradas` varchar(255) COLLATE utf8mb4_general_ci DEFAULT NULL,
  `descritores_certos` varchar(255) COLLATE utf8mb4_general_ci DEFAULT NULL,
  `descritores_errados` varchar(255) COLLATE utf8mb4_general_ci DEFAULT NULL,
  `recuperacao` varchar(255) COLLATE utf8mb4_general_ci DEFAULT NULL,
  `status` varchar(255) COLLATE utf8mb4_general_ci DEFAULT NULL,
  `metodo` varchar(255) COLLATE utf8mb4_general_ci DEFAULT NULL,
  PRIMARY KEY (`id`)
) ENGINE=InnoDB AUTO_INCREMENT=11 DEFAULT CHARSET=utf8mb4 COLLATE=utf8mb4_general_ci;

-- Copiando dados para a tabela monitoramento.gabarito_alunos: ~8 rows (aproximadamente)
INSERT INTO `gabarito_alunos` (`id`, `aluno`, `ra`, `turma`, `turno`, `id_prova`, `serie`, `nome_professor`, `descritores`, `disciplina`, `nome_prova`, `pontos_prova`, `QNT_perguntas`, `data_aluno`, `acertos`, `porcentagem`, `pontos_aluno`, `pontos_aluno_quebrado`, `perguntas_respostas`, `perguntas_certas`, `perguntas_erradas`, `descritores_certos`, `descritores_errados`, `recuperacao`, `status`, `metodo`) VALUES
	(1, 'MARIA LUISA ELOI DE SOUZA', '247412', '1ªIM01-EMI-IPI', NULL, 1, 1, 'Alex 2', NULL, 'Linguagem de Programação Orientada a Objetos', 'Prova 01', 10, 10, '2024-11-20', 0, 0, 0, 0, '1,E;2,E;3,E;4,E;5,E;6,E;7,E;8,E;9,E;10,E', '', '1,E;2,E;3,E;4,E;5,E;6,E;7,E;8,E;9,E;10,E', '', ';;;;;;;;;', NULL, 'Fez a 1º Prova', 'prova'),
	(2, 'ALISSON DA SILVA BISPO', '82371', '3ªIM01-EMI-IPI', NULL, 5, 3, 'Alex', NULL, 'Desenvolvimento de Sistemas', 'Prova de teste', 10, 10, '2024-11-20', 0, 0, 0, 0, 'B;B;C;C;D;D;E;E;A;A', '', '1,B;2,B;3,C;4,C;5,D;6,D;7,E;8,E;9,A;10,A', '', '', NULL, 'Fez a 1º Prova', NULL),
	(3, 'Aluno 01', '1000', '3ªIM01-EMI-IPI', NULL, 5, 3, 'Alex', NULL, 'Desenvolvimento de Sistemas', 'Prova de teste', 10, 10, '2024-11-20', 0, 0, 0, 0, '1,B;2,B;3,C;4,C;5,D;6,D;7,E;8,E;9,A;10,A', '', '1,B;2,B;3,C;4,C;5,D;6,D;7,E;8,E;9,A;10,A', '', '', NULL, 'Fez a 1º Prova', NULL),
	(4, 'AMANDA DOS SANTOS BENTO', '258964', '1ªIM01-EMI-IPI', NULL, 1, 1, 'Alex 2', NULL, 'Linguagem de Programação Orientada a Objetos', 'Prova 01', 10, 10, '2024-11-19', 2, 20, 2, 2, '1,B;2,B;3,C;4,C;5,D;6,D;7,E;8,E;9,A;10,A', '9,A;10,A', '1,B;2,B;3,C;4,C;5,D;6,D;7,E;8,E', '', '', NULL, 'Fez a 1º Prova', NULL),
	(5, 'ALISSON DA SILVA BISPO', '82371', '3ªIM01-EMI-IPI', NULL, 8, 3, 'Alex', NULL, 'Desenvolvimento de Sistemas', 'Prova verificação', 10, 10, '2024-11-27', 5, 50, 5, 5, '1,B;2,B;3,B;4,B;5,B;6,A;7,A;8,A;9,A;10,A', '6,A;7,A;8,A;9,A;10,A', '1,B;2,B;3,B;4,B;5,B', '', '', NULL, 'Fez a 1º Prova', NULL),
	(6, 'Aluno 01', '1000', '3ªIM01-EMI-IPI', NULL, 8, 3, 'Alex', NULL, 'Desenvolvimento de Sistemas', 'Prova verificação', 10, 10, '2024-11-27', 0, 0, 0, 0, '1,D;2,C;3,D;4,C;5,D;6,C;7,D;8,C;9,D;10,C', '', '1,D;2,C;3,D;4,C;5,D;6,C;7,D;8,C;9,D;10,C', '', '', NULL, 'Fez a 1º Prova', NULL),
	(7, 'AMANDA DOS SANTOS BENTO', '258964', '1ªIM01-EMI-IPI', NULL, 5, 3, 'Alex', NULL, 'Desenvolvimento de Sistemas', 'Prova de teste', 10, 10, '2024-11-20', 9, 90, 9, 9, '0,A;1,A;2,A;3,A;4,A;5,A;6,A;7,A;8,A;9,A', '1,A;2,A;3,A;4,A;5,A;6,A;7,A;8,A;9,A', '0,A', '', '', NULL, 'Fez a 1º Prova', NULL),
	(8, 'AMANDA DOS SANTOS BENTO', '258964', '1ªIM01-EMI-IPI', NULL, 6, 1, 'Alex', NULL, 'Desenvolvimento de Sistemas', 'Prova 02', 10, 10, '2024-11-21', 2, 20, 2, 2, '0,A;1,A;2,A;3,A;4,A;5,A;6,A;7,A;8,A;9,A', '4,A;6,A', '0,A;1,A;2,A;3,A;5,A;7,A;8,A;9,A', '', '', NULL, 'Fez a 1º Prova', NULL),
	(9, 'BRIAN AMORIM DA SILVA', '82271', '3ªIM01-EMI-IPI', NULL, 5, 3, 'Alex', NULL, 'Desenvolvimento de Sistemas', 'Prova de teste', 10, 10, '2024-11-20', 10, 100, 10, 10, '1,A;2,A;3,A;4,A;5,A;6,A;7,A;8,A;9,A;10,A', '1,A;2,A;3,A;4,A;5,A;6,A;7,A;8,A;9,A;10,A', '', '', '', NULL, 'Fez a 1º Prova', NULL),
	(10, 'BRIAN AMORIM DA SILVA', '82271', '3ªIM01-EMI-IPI', NULL, 6, 1, 'Alex', NULL, 'Desenvolvimento de Sistemas', 'Prova 02', 10, 10, '2024-11-21', 2, 20, 2, 2, '1,A;2,A;3,A;4,A;5,A;6,A;7,A;8,A;9,A;10,A', '4,A;6,A', '1,A;2,A;3,A;5,A;7,A;8,A;9,A;10,A', '', '', NULL, 'Fez a 1º Prova', NULL);

-- Copiando estrutura para tabela monitoramento.gabarito_alunos_primeira_prova
CREATE TABLE IF NOT EXISTS `gabarito_alunos_primeira_prova` (
  `id` int NOT NULL AUTO_INCREMENT,
  `aluno` varchar(255) COLLATE utf8mb4_general_ci DEFAULT NULL,
  `ra` varchar(255) COLLATE utf8mb4_general_ci DEFAULT NULL,
  `turma` varchar(255) COLLATE utf8mb4_general_ci DEFAULT NULL,
  `turno` varchar(255) COLLATE utf8mb4_general_ci DEFAULT NULL,
  `id_prova` int DEFAULT NULL,
  `serie` int DEFAULT NULL,
  `nome_professor` varchar(255) COLLATE utf8mb4_general_ci DEFAULT NULL,
  `descritores` varchar(255) COLLATE utf8mb4_general_ci DEFAULT NULL,
  `disciplina` varchar(255) COLLATE utf8mb4_general_ci DEFAULT NULL,
  `nome_prova` varchar(255) COLLATE utf8mb4_general_ci DEFAULT NULL,
  `pontos_prova` float DEFAULT NULL,
  `QNT_perguntas` int DEFAULT NULL,
  `data_aluno` date DEFAULT NULL,
  `acertos` int DEFAULT NULL,
  `porcentagem` int DEFAULT NULL,
  `pontos_aluno` int DEFAULT NULL,
  `pontos_aluno_quebrado` float DEFAULT NULL,
  `perguntas_respostas` varchar(255) COLLATE utf8mb4_general_ci DEFAULT NULL,
  `perguntas_certas` varchar(255) COLLATE utf8mb4_general_ci DEFAULT NULL,
  `perguntas_erradas` varchar(255) COLLATE utf8mb4_general_ci DEFAULT NULL,
  `descritores_certos` varchar(255) COLLATE utf8mb4_general_ci DEFAULT NULL,
  `descritores_errados` varchar(255) COLLATE utf8mb4_general_ci DEFAULT NULL,
  `metodo` varchar(255) COLLATE utf8mb4_general_ci DEFAULT NULL,
  PRIMARY KEY (`id`)
) ENGINE=InnoDB AUTO_INCREMENT=11 DEFAULT CHARSET=utf8mb4 COLLATE=utf8mb4_general_ci;

-- Copiando dados para a tabela monitoramento.gabarito_alunos_primeira_prova: ~8 rows (aproximadamente)
INSERT INTO `gabarito_alunos_primeira_prova` (`id`, `aluno`, `ra`, `turma`, `turno`, `id_prova`, `serie`, `nome_professor`, `descritores`, `disciplina`, `nome_prova`, `pontos_prova`, `QNT_perguntas`, `data_aluno`, `acertos`, `porcentagem`, `pontos_aluno`, `pontos_aluno_quebrado`, `perguntas_respostas`, `perguntas_certas`, `perguntas_erradas`, `descritores_certos`, `descritores_errados`, `metodo`) VALUES
	(1, 'MARIA LUISA ELOI DE SOUZA', '247412', '1ªIM01-EMI-IPI', NULL, 1, 1, 'Alex 2', NULL, 'Linguagem de Programação Orientada a Objetos', 'Prova 01', 10, 10, '2024-11-20', 0, 0, 0, 0, '1,E;2,E;3,E;4,E;5,E;6,E;7,E;8,E;9,E;10,E', '', '1,E;2,E;3,E;4,E;5,E;6,E;7,E;8,E;9,E;10,E', '', ';;;;;;;;;', 'prova'),
	(2, 'ALISSON DA SILVA BISPO', '82371', '3ªIM01-EMI-IPI', NULL, 5, 3, 'Alex', NULL, 'Desenvolvimento de Sistemas', 'Prova de teste', 10, 10, '2024-11-20', 0, 0, 0, 0, 'B;B;C;C;D;D;E;E;A;A', '', '1,B;2,B;3,C;4,C;5,D;6,D;7,E;8,E;9,A;10,A', '', '', NULL),
	(3, 'Aluno 01', '1000', '3ªIM01-EMI-IPI', NULL, 5, 3, 'Alex', NULL, 'Desenvolvimento de Sistemas', 'Prova de teste', 10, 10, '2024-11-20', 0, 0, 0, 0, '1,B;2,B;3,C;4,C;5,D;6,D;7,E;8,E;9,A;10,A', '', '1,B;2,B;3,C;4,C;5,D;6,D;7,E;8,E;9,A;10,A', '', '', NULL),
	(4, 'AMANDA DOS SANTOS BENTO', '258964', '1ªIM01-EMI-IPI', NULL, 1, 1, 'Alex 2', NULL, 'Linguagem de Programação Orientada a Objetos', 'Prova 01', 10, 10, '2024-11-19', 2, 20, 2, 2, '1,B;2,B;3,C;4,C;5,D;6,D;7,E;8,E;9,A;10,A', '9,A;10,A', '1,B;2,B;3,C;4,C;5,D;6,D;7,E;8,E', '', '', NULL),
	(5, 'ALISSON DA SILVA BISPO', '82371', '3ªIM01-EMI-IPI', NULL, 8, 3, 'Alex', NULL, 'Desenvolvimento de Sistemas', 'Prova verificação', 10, 10, '2024-11-27', 0, 0, 0, 0, '0,on;1,on;2,on;3,on;4,on;5,on;6,on;7,on;8,on;9,on', '', '0,on;1,on;2,on;3,on;4,on;5,on;6,on;7,on;8,on;9,on', '', '', NULL),
	(6, 'Aluno 01', '1000', '3ªIM01-EMI-IPI', NULL, 8, 3, 'Alex', NULL, 'Desenvolvimento de Sistemas', 'Prova verificação', 10, 10, '2024-11-27', 5, 50, 5, 5, '1,A;2,B;3,A;4,B;5,A;6,B;7,A;8,B;9,A;10,B', '1,A;3,A;5,A;7,A;9,A', '2,B;4,B;6,B;8,B;10,B', '', '', NULL),
	(7, 'AMANDA DOS SANTOS BENTO', '258964', '1ªIM01-EMI-IPI', NULL, 5, 3, 'Alex', NULL, 'Desenvolvimento de Sistemas', 'Prova de teste', 10, 10, '2024-11-20', 9, 90, 9, 9, '0,A;1,A;2,A;3,A;4,A;5,A;6,A;7,A;8,A;9,A', '1,A;2,A;3,A;4,A;5,A;6,A;7,A;8,A;9,A', '0,A', '', '', NULL),
	(8, 'AMANDA DOS SANTOS BENTO', '258964', '1ªIM01-EMI-IPI', NULL, 6, 1, 'Alex', NULL, 'Desenvolvimento de Sistemas', 'Prova 02', 10, 10, '2024-11-21', 2, 20, 2, 2, '0,A;1,A;2,A;3,A;4,A;5,A;6,A;7,A;8,A;9,A', '4,A;6,A', '0,A;1,A;2,A;3,A;5,A;7,A;8,A;9,A', '', '', NULL),
	(9, 'BRIAN AMORIM DA SILVA', '82271', '3ªIM01-EMI-IPI', NULL, 5, 3, 'Alex', NULL, 'Desenvolvimento de Sistemas', 'Prova de teste', 10, 10, '2024-11-20', 10, 100, 10, 10, '1,A;2,A;3,A;4,A;5,A;6,A;7,A;8,A;9,A;10,A', '1,A;2,A;3,A;4,A;5,A;6,A;7,A;8,A;9,A;10,A', '', '', '', NULL),
	(10, 'BRIAN AMORIM DA SILVA', '82271', '3ªIM01-EMI-IPI', NULL, 6, 1, 'Alex', NULL, 'Desenvolvimento de Sistemas', 'Prova 02', 10, 10, '2024-11-21', 2, 20, 2, 2, '1,A;2,A;3,A;4,A;5,A;6,A;7,A;8,A;9,A;10,A', '4,A;6,A', '1,A;2,A;3,A;5,A;7,A;8,A;9,A;10,A', '', '', NULL);

-- Copiando estrutura para tabela monitoramento.gabarito_alunos_recuperacao
CREATE TABLE IF NOT EXISTS `gabarito_alunos_recuperacao` (
  `id` int NOT NULL AUTO_INCREMENT,
  `aluno` varchar(255) COLLATE utf8mb4_general_ci DEFAULT NULL,
  `ra` varchar(255) COLLATE utf8mb4_general_ci DEFAULT NULL,
  `turma` varchar(255) COLLATE utf8mb4_general_ci DEFAULT NULL,
  `turno` varchar(255) COLLATE utf8mb4_general_ci DEFAULT NULL,
  `id_prova` int DEFAULT NULL,
  `id_prova_rec` int DEFAULT NULL,
  `serie` int DEFAULT NULL,
  `nome_professor` varchar(255) COLLATE utf8mb4_general_ci DEFAULT NULL,
  `descritores` varchar(255) COLLATE utf8mb4_general_ci DEFAULT NULL,
  `disciplina` varchar(255) COLLATE utf8mb4_general_ci DEFAULT NULL,
  `nome_prova` varchar(255) COLLATE utf8mb4_general_ci DEFAULT NULL,
  `pontos_prova` float DEFAULT NULL,
  `QNT_perguntas` int DEFAULT NULL,
  `data_aluno` date DEFAULT NULL,
  `acertos` int DEFAULT NULL,
  `porcentagem` int DEFAULT NULL,
  `pontos_aluno` int DEFAULT NULL,
  `pontos_aluno_quebrado` float DEFAULT NULL,
  `perguntas_respostas` varchar(255) COLLATE utf8mb4_general_ci DEFAULT NULL,
  `perguntas_certas` varchar(255) COLLATE utf8mb4_general_ci DEFAULT NULL,
  `perguntas_erradas` varchar(255) COLLATE utf8mb4_general_ci DEFAULT NULL,
  `descritores_certos` varchar(255) COLLATE utf8mb4_general_ci DEFAULT NULL,
  `descritores_errados` varchar(255) COLLATE utf8mb4_general_ci DEFAULT NULL,
  PRIMARY KEY (`id`)
) ENGINE=InnoDB DEFAULT CHARSET=utf8mb4 COLLATE=utf8mb4_general_ci;

-- Copiando dados para a tabela monitoramento.gabarito_alunos_recuperacao: ~0 rows (aproximadamente)

-- Copiando estrutura para tabela monitoramento.gabarito_professores
CREATE TABLE IF NOT EXISTS `gabarito_professores` (
  `id` int NOT NULL AUTO_INCREMENT,
  `nome_professor` varchar(255) COLLATE utf8mb4_general_ci DEFAULT NULL,
  `nome_prova` varchar(255) COLLATE utf8mb4_general_ci DEFAULT NULL,
  `turmas` varchar(255) COLLATE utf8mb4_general_ci DEFAULT NULL,
  `descritores` text CHARACTER SET utf8mb4 COLLATE utf8mb4_general_ci,
  `disciplina` varchar(255) COLLATE utf8mb4_general_ci DEFAULT NULL,
  `valor` int DEFAULT NULL,
  `QNT_perguntas` int DEFAULT NULL,
  `data_prova` date DEFAULT NULL,
  `gabarito` text CHARACTER SET utf8mb4 COLLATE utf8mb4_general_ci,
  `liberado` varchar(255) COLLATE utf8mb4_general_ci DEFAULT NULL,
  `liberar_prova` varchar(255) COLLATE utf8mb4_general_ci DEFAULT NULL,
  `metodo` varchar(255) COLLATE utf8mb4_general_ci DEFAULT NULL,
  `area_conhecimento` varchar(150) COLLATE utf8mb4_general_ci DEFAULT NULL,
  `orientacoes` text COLLATE utf8mb4_general_ci,
  PRIMARY KEY (`id`)
) ENGINE=InnoDB AUTO_INCREMENT=10 DEFAULT CHARSET=utf8mb4 COLLATE=utf8mb4_general_ci;

-- Copiando dados para a tabela monitoramento.gabarito_professores: ~6 rows (aproximadamente)
INSERT INTO `gabarito_professores` (`id`, `nome_professor`, `nome_prova`, `turmas`, `descritores`, `disciplina`, `valor`, `QNT_perguntas`, `data_prova`, `gabarito`, `liberado`, `liberar_prova`, `metodo`, `area_conhecimento`, `orientacoes`) VALUES
	(1, 'Alex 2', 'Prova 01', '1ªIM01-EMI-IPI', NULL, 'Linguagem de Programação Orientada a Objetos', 10, 10, '2024-11-19', 'MSxB;MixB;MyxB;NCxB;NSxB;NixB;NyxB;OCxB;OSxB;MTAsQQ==', NULL, NULL, 'prova', NULL, NULL),
	(3, 'Alex 2', 'Prova com Descritores', '1ªV01-EMI-IPI', '1,D001_DS;2,D001_DS;3,D001_DS;4,D001_DS;5,D001_DS;6,D001_DS;7,D001_DS;8,D001_DS;9,D001_DS;10,D001_DS', 'Linguagem de Programação Orientada a Objetos', 10, 10, '2024-11-20', 'MSxF;MixE;MyxD;NCxC;NSxB;NixB;NyxC;OCxD;OSxudWxs;MTAsRQ==', NULL, NULL, 'atividade', NULL, NULL),
	(4, 'Alex 3', 'prova opencv', '1ªIM01-EMI-IPI', NULL, 'OPENCV', 10, 10, '2024-11-20', '1,B;2,B;3,B;4,B;5,B;6,B;7,B;8,B;9,B;10,B', NULL, NULL, NULL, 'prova opencv', NULL),
	(5, 'Alex', 'Prova de teste', '3ªIM01-EMI-IPI', NULL, 'Desenvolvimento de Sistemas', 10, 10, '2024-11-20', 'MSxB;MixB;MyxB;NCxB;NSxB;NixB;NyxB;OCxB;OSxB;MTAsQQ==', 'SIM', NULL, 'prova', NULL, NULL),
	(6, 'Alex', 'Prova 02', '1ªIM01-EMI-IPI', NULL, 'Desenvolvimento de Sistemas', 10, 10, '2024-11-21', 'MSxC;MixE;MyxD;NCxB;NSxF;NixB;NyxF;OCxC;OSxE;MTAsQw==', NULL, NULL, 'prova', NULL, NULL),
	(7, 'Alex', 'Prova grande', '3ªIM01-EMI-IPI', NULL, 'Desenvolvimento de Sistemas', 10, 20, '2024-11-24', 'MSxB;MixB;MyxB;NCxB;NSxB;NixB;NyxB;OCxB;OSxB;MTAsQQ==;MTEsQQ==;MTIsQQ==;MTMsQQ==;MTQsQQ==;MTUsQQ==;MTYsQQ==;MTcsQQ==;MTgsQQ==;MTksQQ==;MjAsQQ==', NULL, NULL, 'prova', NULL, NULL),
	(8, 'Alex', 'Prova verificação', '3ªIM01-EMI-IPI', NULL, 'Desenvolvimento de Sistemas', 10, 10, '2024-11-27', 'MSxB;MixB;MyxB;NCxB;NSxB;NixB;NyxB;OCxB;OSxB;MTAsQQ==', NULL, NULL, 'prova', NULL, NULL),
	(9, 'Alex 2', 'Test CAED', '3ªIM01-EMI-IPI', NULL, 'Linguagem de Programação Orientada a Objetos', 4, 40, '2025-02-22', 'MSxB;MixB;MyxB;NCxB;NSxB;NixB;NyxB;OCxB;OSxB;MTAsQQ==;MTEsQg==;MTIsQg==;MTMsQg==;MTQsQg==;MTUsQg==;MTYsQg==;MTcsQg==;MTgsQg==;MTksQg==;MjAsQg==;MjEsQw==;MjIsQw==;MjMsQw==;MjQsQw==;MjUsQw==;MjYsQw==;MjcsQw==;MjgsQw==;MjksQw==;MzAsQw==;MzEsRA==;MzIsRA==;MzMsRA==;MzQsRA==;MzUsRA==;MzYsRA==;MzcsRA==;MzgsRA==;MzksRA==;NDAsRA==', NULL, NULL, 'prova', NULL, NULL);

-- Copiando estrutura para tabela monitoramento.gabarito_professores_recuperacao
CREATE TABLE IF NOT EXISTS `gabarito_professores_recuperacao` (
  `id` int NOT NULL AUTO_INCREMENT,
  `id_prova` int DEFAULT NULL,
  `alunos` text COLLATE utf8mb4_general_ci,
  `nome_professor` varchar(255) COLLATE utf8mb4_general_ci DEFAULT NULL,
  `nome_prova` varchar(255) COLLATE utf8mb4_general_ci DEFAULT NULL,
  `descritores` varchar(255) COLLATE utf8mb4_general_ci DEFAULT NULL,
  `disciplina` varchar(255) COLLATE utf8mb4_general_ci DEFAULT NULL,
  `valor` int DEFAULT NULL,
  `QNT_perguntas` int DEFAULT NULL,
  `data_prova_rec` datetime DEFAULT NULL,
  `gabarito` varchar(255) COLLATE utf8mb4_general_ci DEFAULT NULL,
  `liberado` varchar(255) COLLATE utf8mb4_general_ci DEFAULT NULL,
  `liberar_prova` varchar(255) COLLATE utf8mb4_general_ci DEFAULT NULL,
  PRIMARY KEY (`id`)
) ENGINE=InnoDB DEFAULT CHARSET=utf8mb4 COLLATE=utf8mb4_general_ci;

-- Copiando dados para a tabela monitoramento.gabarito_professores_recuperacao: ~0 rows (aproximadamente)

-- Copiando estrutura para tabela monitoramento.logs_adm
CREATE TABLE IF NOT EXISTS `logs_adm` (
  `id` int NOT NULL AUTO_INCREMENT,
  `autor` varchar(255) COLLATE utf8mb4_general_ci DEFAULT NULL,
  `data` datetime DEFAULT NULL,
  `descricao` text COLLATE utf8mb4_general_ci,
  PRIMARY KEY (`id`)
) ENGINE=InnoDB AUTO_INCREMENT=9 DEFAULT CHARSET=utf8mb4 COLLATE=utf8mb4_general_ci;

-- Copiando dados para a tabela monitoramento.logs_adm: ~7 rows (aproximadamente)
INSERT INTO `logs_adm` (`id`, `autor`, `data`, `descricao`) VALUES
	(1, 'ADM', '2024-11-19 23:20:01', 'A matéria Desenvolvimento de Sistemas foi Adicionada.'),
	(2, 'ADM', '2024-11-19 23:20:13', 'O professor Alex foi Adicionado.'),
	(3, 'ADM', '2024-11-19 23:25:54', 'Foi adicionado o período Novembro.'),
	(4, 'ADM', '2024-11-19 23:29:04', 'A matéria Linguagem de Programação Orientada a Objetos foi Adicionada.'),
	(5, 'ADM', '2024-11-19 23:29:20', 'O professor Alex 2 foi Adicionado.'),
	(6, 'ADM', '2024-11-20 14:17:51', 'A matéria OPENCV foi Adicionada.'),
	(7, 'ADM', '2024-11-20 14:18:13', 'O professor Alex 3 foi Adicionado.'),
	(8, 'ADM', '2025-02-22 23:02:46', 'Foi adicionado o período fevereiros.');

-- Copiando estrutura para tabela monitoramento.logs_professor
CREATE TABLE IF NOT EXISTS `logs_professor` (
  `id` int NOT NULL AUTO_INCREMENT,
  `autor` varchar(255) COLLATE utf8mb4_general_ci DEFAULT NULL,
  `data` datetime DEFAULT NULL,
  `descricao` text COLLATE utf8mb4_general_ci,
  PRIMARY KEY (`id`)
) ENGINE=InnoDB AUTO_INCREMENT=18 DEFAULT CHARSET=utf8mb4 COLLATE=utf8mb4_general_ci;

-- Copiando dados para a tabela monitoramento.logs_professor: ~14 rows (aproximadamente)
INSERT INTO `logs_professor` (`id`, `autor`, `data`, `descricao`) VALUES
	(1, 'PROFESSOR', '2024-11-19 23:41:26', 'O professor(a) Alex 2 cadastrou a prova Prova 01 '),
	(2, 'PROFESSOR', '2024-11-19 23:42:11', 'O professor(a) Alex 2 cadastrou a prova Prova 011 '),
	(3, 'PROFESSOR', '2024-11-20 09:51:00', 'O professor(a) Alex 2 cadastrou a prova Prova com Descritores '),
	(4, 'PROFESSOR', '2024-11-20 10:25:07', 'O professor(a) Alex 2 editou a prova Prova com Descritores. '),
	(5, 'PROFESSOR', '2024-11-20 10:26:03', 'O professor(a) Alex 2 editou a prova Prova com Descritores. '),
	(6, 'PROFESSOR', '2024-11-20 10:30:08', 'O professor(a) Alex 2 editou a prova Prova com Descritores. '),
	(7, 'PROFESSOR', '2024-11-20 10:30:17', 'O professor(a) Alex 2 editou a prova Prova com Descritores. '),
	(8, 'PROFESSOR', '2024-11-20 14:19:06', 'O professor(a) Alex 3 cadastrou a prova prova opencv '),
	(9, 'PROFESSOR', '2024-11-20 15:13:14', 'O professor(a) Alex 2 excluiu a prova Prova 011. '),
	(10, 'PROFESSOR', '2024-11-20 20:12:59', 'O professor(a) Alex cadastrou a prova Prova de teste '),
	(11, 'PROFESSOR', '2024-11-21 12:25:03', 'O professor(a) Alex cadastrou a prova Prova 02 '),
	(12, 'PROFESSOR', '2024-11-24 21:21:19', 'O professor(a) Alex cadastrou a prova Prova grande '),
	(13, 'PROFESSOR', '2024-11-26 16:50:55', 'O professor(a) Alex liberou os acesso as respostas da prova Prova de teste. '),
	(14, 'PROFESSOR', '2024-11-26 16:52:59', 'O professor(a) Alex liberou os acesso as respostas da prova Prova 02. '),
	(15, 'PROFESSOR', '2024-11-26 16:53:01', 'O professor(a) Alex bloqueou os acesso as respostas da prova Prova 02. '),
	(16, 'PROFESSOR', '2024-11-27 21:39:09', 'O professor(a) Alex cadastrou a prova Prova verificação '),
	(17, 'PROFESSOR', '2025-02-22 23:40:02', 'O professor(a) Alex 2 cadastrou a prova Test CAED ');

-- Copiando estrutura para tabela monitoramento.periodo
CREATE TABLE IF NOT EXISTS `periodo` (
  `id` int NOT NULL AUTO_INCREMENT,
  `nome` varchar(255) COLLATE utf8mb4_general_ci DEFAULT NULL,
  `data_inicial` date DEFAULT NULL,
  `data_final` date DEFAULT NULL,
  `data_criacao` datetime DEFAULT NULL,
  PRIMARY KEY (`id`)
) ENGINE=InnoDB AUTO_INCREMENT=3 DEFAULT CHARSET=utf8mb4 COLLATE=utf8mb4_general_ci;

-- Copiando dados para a tabela monitoramento.periodo: ~1 rows (aproximadamente)
INSERT INTO `periodo` (`id`, `nome`, `data_inicial`, `data_final`, `data_criacao`) VALUES
	(1, 'Novembro', '2024-11-01', '2024-11-30', '2024-11-19 23:25:54'),
	(2, 'fevereiros', '2025-02-01', '2025-02-28', '2025-02-22 23:02:46');

-- Copiando estrutura para tabela monitoramento.professores
CREATE TABLE IF NOT EXISTS `professores` (
  `id` int NOT NULL AUTO_INCREMENT,
  `nome` varchar(255) COLLATE utf8mb4_general_ci DEFAULT NULL,
  `usuario` varchar(255) COLLATE utf8mb4_general_ci DEFAULT NULL,
  `senha` varchar(255) COLLATE utf8mb4_general_ci DEFAULT NULL,
  `numero` varchar(30) COLLATE utf8mb4_general_ci DEFAULT NULL,
  `disciplinas` text COLLATE utf8mb4_general_ci,
  PRIMARY KEY (`id`)
) ENGINE=InnoDB AUTO_INCREMENT=4 DEFAULT CHARSET=utf8mb4 COLLATE=utf8mb4_general_ci;

-- Copiando dados para a tabela monitoramento.professores: ~2 rows (aproximadamente)
INSERT INTO `professores` (`id`, `nome`, `usuario`, `senha`, `numero`, `disciplinas`) VALUES
	(1, 'Alex', 'Alex', '201334857', '998914523', 'Desenvolvimento de Sistemas'),
	(2, 'Alex 2', 'Alex', '123456', '123456', 'Linguagem de Programação Orientada a Objetos'),
	(3, 'Alex 3', 'Alex', 'opencv', 'opencv', 'OPENCV');


-- Copiando estrutura para tabela monitoramento.turmas
CREATE TABLE IF NOT EXISTS `turmas` (
  `id` int NOT NULL AUTO_INCREMENT,
  `nome` varchar(255) COLLATE utf8mb4_general_ci DEFAULT NULL,
  `turno` varchar(255) COLLATE utf8mb4_general_ci DEFAULT NULL,
  `serie` varchar(255) COLLATE utf8mb4_general_ci DEFAULT NULL,
  `curso` varchar(255) COLLATE utf8mb4_general_ci DEFAULT NULL,
  PRIMARY KEY (`id`)
) ENGINE=InnoDB AUTO_INCREMENT=18 DEFAULT CHARSET=utf8mb4 COLLATE=utf8mb4_general_ci;

-- Copiando dados para a tabela monitoramento.turmas: ~17 rows (aproximadamente)
INSERT INTO `turmas` (`id`, `nome`, `turno`, `serie`, `curso`) VALUES
	(1, '1ªIM01-EMI-IPI', 'INTERMEDIÁRIO', '1', 'INFORMÁTICA'),
	(2, '1ªIM01-EM', 'INTERMEDIÁRIO', '1', 'HUMANAS'),
	(3, '1ªIM02-EM', 'INTERMEDIÁRIO', '1', 'HUMANAS'),
	(4, '1ªIM03-EM', 'INTERMEDIÁRIO', '1', 'HUMANAS'),
	(5, '1ªV01-EM', 'VESPERTINO', '1', 'HUMANAS'),
	(6, '1ªV01-EMI-IPI', 'VESPERTINO', '1', 'INFORMÁTICA'),
	(7, '2ªIM01-EM-HUM', 'INTERMEDIÁRIO', '2', 'HUMANAS'),
	(8, '2ªIM01-EMI-ADM', 'INTERMEDIÁRIO', '2', 'ADMINISTRAÇÃO'),
	(9, '2ªIM01-EMI-IPI', 'INTERMEDIÁRIO', '2', 'INFORMÁTICA'),
	(10, '2ªIM02-EMI-IPI', 'INTERMEDIÁRIO', '2', 'INFORMÁTICA'),
	(11, '2ªV01-EM-HUM', 'VESPERTINO', '2', 'HUMANAS'),
	(12, '2ªV02-EM-HUM', 'VESPERTINO', '2', 'HUMANAS'),
	(13, '3ªIM01-EM-HUM', 'INTERMEDIÁRIO', '3', 'HUMANAS'),
	(14, '3ªIM01-EMI-ADM', 'INTERMEDIÁRIO', '3', 'ADMINISTRAÇÃO'),
	(15, '3ªIM01-EMI-IPI', 'INTERMEDIÁRIO', '3', 'INFORMÁTICA'),
	(16, '3ªV01-EM-HUM', 'VESPERTINO', '3', 'HUMANAS'),
	(17, '3ªIM02-EMI-ADM', 'INTERMEDIÁRIO', '3', 'ADMINISTRAÇÃO');

-- Copiando estrutura para tabela monitoramento.simulados
CREATE TABLE IF NOT EXISTS `simulados` (
  `id` int NOT NULL AUTO_INCREMENT,
  `turma_id` int DEFAULT NULL,
  `nome` varchar(50) CHARACTER SET utf8mb4 COLLATE utf8mb4_general_ci DEFAULT NULL,
  `area_conhecimento` varchar(255) CHARACTER SET utf8mb4 COLLATE utf8mb4_general_ci DEFAULT NULL,
  `data` datetime NOT NULL,
  `orientacoes` text CHARACTER SET utf8mb4 COLLATE utf8mb4_general_ci,
  PRIMARY KEY (`id`),
  KEY `turma_id` (`turma_id`),
  CONSTRAINT `turma_id` FOREIGN KEY (`turma_id`) REFERENCES `turmas` (`id`)
) ENGINE=InnoDB AUTO_INCREMENT=3 DEFAULT CHARSET=utf8mb4 COLLATE=utf8mb4_general_ci;

-- Copiando dados para a tabela monitoramento.simulados: ~0 rows (aproximadamente)
INSERT INTO `simulados` (`id`, `turma_id`, `nome`, `area_conhecimento`, `data`, `orientacoes`) VALUES
	(2, 4, 'asdas dasd asdas', 'asdasdasdasd', '2024-11-01 00:00:00', 'Todas as questões são objetivas. Para cada questão, são apresentadas 4 opções de resposta, de "A" a "E". Apenas uma alternativa responde à questão.\r\nApós resolver à prova escrita, transfira suas respostas para o gabarito com atenção');

-- Copiando estrutura para tabela monitoramento.simulados_prova
CREATE TABLE IF NOT EXISTS `simulados_prova` (
  `id` int NOT NULL AUTO_INCREMENT,
  `simulado_id` int DEFAULT NULL,
  `gabarito_professor_id` int DEFAULT NULL,
  `ordem` int DEFAULT NULL,
  PRIMARY KEY (`id`),
  KEY `FK__simulados` (`simulado_id`),
  KEY `FK__gabarito_professores` (`gabarito_professor_id`),
  CONSTRAINT `FK__gabarito_professores` FOREIGN KEY (`gabarito_professor_id`) REFERENCES `gabarito_professores` (`id`),
  CONSTRAINT `FK__simulados` FOREIGN KEY (`simulado_id`) REFERENCES `simulados` (`id`)
) ENGINE=InnoDB AUTO_INCREMENT=21 DEFAULT CHARSET=utf8mb4 COLLATE=utf8mb4_general_ci;

-- Copiando dados para a tabela monitoramento.simulados_prova: ~2 rows (aproximadamente)
INSERT INTO `simulados_prova` (`id`, `simulado_id`, `gabarito_professor_id`, `ordem`) VALUES
	(19, 2, 5, 0),
	(20, 2, 6, 1);


-- Copiando estrutura para tabela monitoramento.usuarios_pfa
CREATE TABLE IF NOT EXISTS `usuarios_pfa` (
  `id` int NOT NULL AUTO_INCREMENT,
  `nome` varchar(255) COLLATE utf8mb4_general_ci DEFAULT NULL,
  `usuario` varchar(255) COLLATE utf8mb4_general_ci DEFAULT NULL,
  `senha` varchar(255) COLLATE utf8mb4_general_ci DEFAULT NULL,
  `turno` varchar(255) COLLATE utf8mb4_general_ci DEFAULT NULL,
  `disciplina` varchar(255) COLLATE utf8mb4_general_ci DEFAULT NULL,
  PRIMARY KEY (`id`)
) ENGINE=InnoDB DEFAULT CHARSET=utf8mb4 COLLATE=utf8mb4_general_ci;

-- Copiando dados para a tabela monitoramento.usuarios_pfa: ~0 rows (aproximadamente)

/*!40103 SET TIME_ZONE=IFNULL(@OLD_TIME_ZONE, 'system') */;
/*!40101 SET SQL_MODE=IFNULL(@OLD_SQL_MODE, '') */;
/*!40014 SET FOREIGN_KEY_CHECKS=IFNULL(@OLD_FOREIGN_KEY_CHECKS, 1) */;
/*!40101 SET CHARACTER_SET_CLIENT=@OLD_CHARACTER_SET_CLIENT */;
/*!40111 SET SQL_NOTES=IFNULL(@OLD_SQL_NOTES, 1) */;
